ref_piid,total_obligated,action_count,exact_distinct_ref_piid_all_years
36W79720D0001,48416681879.16,19246,1430550
VA797P12D0001,45484932805.77,41384,1430550
36C10G19D0038,41173377239.39,131,1430550
36C79119D0006,34629771413.05,116,1430550
36C79119D0005,26688374913.91,100,1430550
DAAA0902D0007,26197963112.78,2998,1430550
36C79119D0004,25661321168.00,116,1430550
V797P1020,23996917915.44,81034,1430550
VA79113D0054,21260426066.36,346,1430550
80NM0018D0004,19485624236.81,12448,1430550
FA852612D0001,14010115659.26,2563,1430550
NAS703001,12391128204.46,13203,1430550
NNN12AA01C,11803341317.24,13136,1430550
SPM2DX13D1000,10925139283.89,188056,1430550
W52P1J07D0008,10731708261.83,480,1430550
SPE2DX16D1500,10419030183.47,143204,1430550
AIDOAAI1500004,10337684271.95,333,1430550
FA870215D0001,10276738110.52,2855,1430550
FA820518D0001,9494423214.80,895,1430550
FA863420D2704,9253694951.45,162,1430550
70B01C26D00000012,8834288051.70,18,1430550
FA862516D6458,8260051248.36,995,1430550
SPE8EJ21D1020,8018730381.84,1232,1430550
36C10B18D5000,7896392079.01,697,1430550
N0002400D6000,7889607027.63,26408,1430550
FA862016G3027,7848648408.50,2226,1430550
FA852621D0001,7713059599.58,501,1430550
W52P1J07D0007,7623535839.40,568,1430550
W900KK07D0001,7569851984.32,8550,1430550
GS00Q14OADU108,7183834279.83,2287,1430550
SPE8EJ21D0020,6997251178.39,23757,1430550
SPE60521D1004,6888449293.51,1352,1430550
DTFA0102D03006,6887930929.62,1641,1430550
47QTCK18D0004,6871997873.45,1923,1430550
N0001914G0020,6692332325.84,1399,1430550
W56HZV07DM112,6468027319.95,1735,1430550
TMHQ10C0044,6309145687.39,1350,1430550
F3365799D0028,6304121693.80,3784,1430550
H9225417D0001,6192513392.80,8406,1430550
GS35F4076D,6112605398.30,78741,1430550
N0001919G0008,5885408523.11,1092,1430550
V797P99PPV0001,5826793967.94,1141,1430550
2031JG20D00010,5820674778.22,1757,1430550
W31P4Q23D0003,5811721090.47,114,1430550
47QTCK18D0009,5725825793.75,1003,1430550
FA862520D3000,5672873692.11,456,1430550
FA861614D6060,5656149736.95,2200,1430550
FA862011G4025,5582149085.23,1837,1430550
W52P1J19D0044,5488201002.14,435,1430550
N0017804D4119,5304737906.64,14342,1430550
GS00Q09BGD0048,5273911297.42,1503,1430550
SPRBL115D0017,5167678607.08,2506,1430550
FA821315D0002,5149639442.33,312,1430550
N6600121A0083,5127153448.62,1983,1430550
75N91019D00024,5121830510.90,1012,1430550
FA812418D0001,5060471942.06,200,1430550
47QTCK18D0001,4924302115.09,721,1430550
47QTCK18D0003,4898276738.93,1102,1430550
N0003913D0013,4859267408.22,3207,1430550
W52P1J19D0045,4810164747.14,435,1430550
NNG15SC71B,4778272223.71,14623,1430550
F4262001D0058,4752361651.91,11798,1430550
FA861520D6052,4748354748.42,47,1430550
W31P4Q05A0031,4711374618.09,3550,1430550
GS00Q09BGD0019,4682743701.96,2564,1430550
N0002413D6400,4624045388.20,8587,1430550
HTC71118DCC39,4572534274.46,6015,1430550
HQ072716D0006,4546950024.02,1514,1430550
70B01C26D00000006,4543151503.70,7,1430550
SPM30008D3153,4524405511.99,49867,1430550
N0003910D0010,4475253082.79,1037,1430550
FA861118D2850,4467267742.44,347,1430550
FA862021G4027,4446693635.30,952,1430550
VA11816D1007,4382835535.63,356,1430550
89303322DEM000068,4306671746.93,225,1430550
N0017804D4024,4289541172.13,6682,1430550
W56KGU18D0004,4277786004.88,1075,1430550
N0003920D0054,4237242020.92,29481,1430550
FA520957D0001,4222090017.34,50,1430550
DTCG2302C2DW001,4166310667.78,954,1430550
SPM8EJ14D0005,4063650263.62,11904,1430550
W56HZV21D0001,3947944013.62,156,1430550
HTC71118DCC37,3923562722.80,5066,1430550
HT940214D0002,3918394774.94,211,1430550
GS35F4984H,3808827177.21,9907,1430550
FA881120D0001,3761702506.35,341,1430550
SLMAQM04C0030,3746009716.23,538,1430550
SPM20003D1666,3703264645.80,33490,1430550
N0001921G0006,3692380102.08,1112,1430550
SPE2DX22D0020,3649003241.17,43926,1430550
F3365701D0026,3583076670.06,2238,1430550
NNG15SD27B,3538508282.55,5128,1430550
70B01C23D00000009,3535155442.70,32,1430550
NNK14MA74C,3528545586.71,145,1430550
FA861406D2006,3526110348.04,88,1430550
N0003915D0044,3523332352.46,467,1430550
36C10X25D0003,3500724943.34,24,1430550
GS00Q17NSD3000,3488072883.58,3331,1430550
W52P1J07D0009,3468596981.66,648,1430550
AIDGPOI000500032,3445231518.29,63,1430550
F3460199D0002,3427326666.53,1114,1430550
F0960300D0210,3426558346.98,1136,1430550
W9121516G0001,3425735334.54,396,1430550
N6134019D1010,3412954232.71,1009,1430550
F3365702D0009,3412794689.85,1427,1430550
NNG15SD26B,3395891874.11,7767,1430550
FA861113D2850,3380827427.37,1039,1430550
36C10X25D0002,3353032866.27,24,1430550
47QTCK18D0029,3347222928.34,1029,1430550
FA881120D0002,3343398241.91,303,1430550
F1962801D0016,3313667260.87,2525,1430550
FA862015G4040,3278280065.38,1111,1430550
SP070003D1380,3217921029.66,8524,1430550
W15P7T06DE402,3178724475.61,3616,1430550
TMG5000,3155406117.75,795,1430550
W52P1J19D0085,3143849011.01,278,1430550
FA862016G3013,3132076284.03,1332,1430550
SPRPA114D002U,3076615318.82,418,1430550
N0001916G0001,3068745179.80,2764,1430550
VA79113D0053,3049493127.16,119,1430550
36C10X25D0004,3019389629.68,25,1430550
89303320DEM000030,3013242719.99,236,1430550
FA807518D0002,2999124565.10,2984,1430550
NNG15SD22B,2989407979.81,8313,1430550
W58RGZ18D0001,2984081636.01,1717,1430550
TMHQ10C0040,2945218569.56,840,1430550
N0001919D0015,2938674234.18,152,1430550
VA11816D1015,2935859956.38,621,1430550
FA862819D1000,2897841802.45,364,1430550
NNG15SD34B,2894182392.60,5044,1430550
N0017804D4030,2884952480.86,4343,1430550
N0002403D6606,2827657424.22,5323,1430550
HC102820D0001,2824338638.30,1022,1430550
GS35F0323J,2823997620.37,3484,1430550
N0001920D0013,2798367824.82,86,1430550
FA862010G3038,2791631905.65,1300,1430550
GS00Q09BGD0039,2786325527.34,1331,1430550
N6274222D1311,2777722902.15,55,1430550
FA807518D0004,2734593156.35,3458,1430550
W91CRB21D5003,2732525581.97,698,1430550
HQ072716D0004,2717567712.08,1120,1430550
HSHQDC06D00021,2709434061.57,1132,1430550
GS35F0119Y,2708495052.72,14632,1430550
W31P4Q09G0001,2699865836.80,160,1430550
AIDGPOI000600007,2679641796.35,176,1430550
47QTCA22D003G,2643853350.40,692,1430550
W56HZV09D0024,2643528665.58,606,1430550
N0017819D7264,2640055119.94,1724,1430550
H9500110D0001,2632224900.12,2969,1430550
HQ014712D0003,2616491941.46,1351,1430550
HQ079617D0001,2612836930.29,1505,1430550
FA807518D0015,2609254837.94,3249,1430550
GS35F4461G,2600323374.70,9569,1430550
FA862006G4002,2596917508.24,1061,1430550
W56HZV05G0005,2579950560.75,439,1430550
GS35F4381G,2577917089.12,4693,1430550
47QMCA22D000P,2570950548.42,49352,1430550
GS35F0306J,2568825755.99,5402,1430550
FA862011G4020,2566545098.52,1380,1430550
N0017804D4042,2554779574.45,7266,1430550
GS00Q14OADU122,2540202292.94,668,1430550
W56HZV09D0159,2533806458.74,523,1430550
W9124D19D0001,2532787455.62,626,1430550
GS00T07NSD0007,2530737108.42,4608,1430550
89303019AIM000005,2506713779.16,2933,1430550
SPE8EJ19D1004,2502654098.70,417,1430550
F3365784C2011,2490673000.00,63,1430550
N001641990001,2477905454.19,462,1430550
DCA200XX00000,2431589000.00,2785,1430550
NNG15SC82B,2430749322.08,26626,1430550
89303322DEM000067,2409118908.00,110,1430550
36C10X25D0001,2388023018.88,21,1430550
TC2001025,2387100980.04,768,1430550
70B01C26D00000013,2358991157.42,6,1430550
47QTCK18D0060,2351642902.98,411,1430550
19AQMM19D0119,2312348494.23,27,1430550
GS00K89AHD0008,2301642000.00,17,1430550
W56HZV17D0071,2297587473.77,417,1430550
GS00Q14OADU428,2283980708.70,776,1430550
GS00F290CA,2283071945.44,841,1430550
HC102817D0001,2276770374.22,2196,1430550
DCA20002D5001,2272113988.94,2002,1430550
TIRNO99D00005,2271045837.28,5348,1430550
GS23F8006H,2263777970.95,8135,1430550
NNG15SC33B,2253936812.10,2211,1430550
FA862021G4009,2245323181.07,500,1430550
70B01C26D00000007,2243969041.00,3,1430550
N0001919G0029,2237723797.51,1097,1430550
H9225409D0001,2235128055.24,9487,1430550
SPE4AX17D9403,2230461299.55,4607,1430550
W56HZV15D0031,2229519125.01,688,1430550
47QTCK18D0036,2225608351.29,648,1430550
HT940216D0001,2222239034.00,84,1430550
W52P1J22D0007,2214442348.74,41,1430550
GS35F4692G,2210835839.30,1571,1430550
W56HZV20D0005,2210379812.78,61,1430550
GS35F0884P,2199626615.51,905,1430550
TIRNO99D00001,2190139161.71,2224,1430550
SPE4AX15D9423,2178334181.21,593,1430550
F3365784C2128,2175889000.00,12,1430550
F3365701D2050,2172552432.80,1529,1430550
W52P1J12G0028,2167585197.95,603,1430550
SPE8EJ21D0025,2165965048.01,7117,1430550
FA862015D3009,2164461364.13,728,1430550
N0017804D4066,2158926251.12,2227,1430550
W31P4Q21D0003,2148163452.79,87,1430550
N0001923D0010,2135429041.21,39,1430550
GS00T99ALD0210,2127704968.45,744,1430550
47QTCK18D0008,2122959255.10,875,1430550
N0038320DW001,2108771524.35,19,1430550
W31P4Q23D0014,2106893680.81,17,1430550
W31P4Q21D0007,2086994754.22,40,1430550
FA861122D0001,2085248083.08,345,1430550
W15P7T06DE405,2060057877.83,1339,1430550
N0017804D4018,2053281946.50,5176,1430550
GS30FR0005,2047136561.27,59449,1430550
FA862019G4006,2045960718.47,465,1430550
W56HZV22D0083,2044536338.87,52,1430550
W56HZV06G0006,2037084150.25,616,1430550
DAAH0103D0029,2035827141.57,1943,1430550
F0960303D0095,2020354274.48,5784,1430550
W15P7T18D0008,2004398735.36,1583,1430550
N0001921G0017,2003600798.99,58,1430550
FA863417D2696,2002781489.63,625,1430550
GS00Q14OADU121,1998848261.14,511,1430550
DAAA0999D0016,1981805960.55,613,1430550
N0017804D4012,1979968675.07,6498,1430550
70B01C23D00000010,1978136204.00,17,1430550
80MSFC20D0004,1976796292.65,739,1430550
SAQMMA12C1103,1976071417.84,796,1430550
SP060220D0649,1965041337.45,66,1430550
GS00Q09BGD0055,1963588990.71,706,1430550
36C10X19D0005,1952981982.21,46,1430550
A925575828000,1947973000.00,61,1430550
W15P7T11DG402,1947057331.76,1527,1430550
N0002422D6404,1928489597.66,2157,1430550
W15P7T06DE403,1924198955.00,1362,1430550
W91CRB16D5006,1914745361.72,721,1430550
W15P7T10DC007,1905819674.13,1017,1430550
GS35F4506G,1903192595.22,5608,1430550
HQ014718D0001,1895663466.97,661,1430550
SP060010D0458,1895207544.00,1,1430550
HHSN316201200002W,1891690609.54,1064,1430550
N0038322DZV01,1880898064.00,50,1430550
HHSN316201200018W,1864848618.74,1430,1430550
SPE8EJ21D1025,1857791180.69,340,1430550
70RDAD21A00000012,1857639659.54,168,1430550
W91QUZ06D0002,1854472174.38,24873,1430550
36C77020A0009,1853257580.69,233,1430550
W58RGZ15D0048,1845979988.73,386,1430550
N0001920G0005,1834851337.92,913,1430550
HTC71117DR003,1830189354.32,93,1430550
W911QY21D0012,1829200000.00,8,1430550
GS23F9755H,1819889412.19,5037,1430550
SAQMMA13D0120,1810387466.27,506,1430550
W58RGZ04D0037,1808688128.48,375,1430550
SS001760016,1805736899.49,62,1430550
HC102808D2023,1805735995.92,1737,1430550
FA862115D6276,1803224889.91,339,1430550
GS35F393CA,1802765565.88,430,1430550
SAQMMA10D0017,1799396261.47,617,1430550
FA810719D0001,1788511231.27,911,1430550
DLA13H8950000,1788284000.00,2957,1430550
FA861718D6213,1784990944.17,775,1430550
47QTCK18D0011,1780874588.01,948,1430550
FA877104D0007,1776972744.83,5494,1430550
75A50123D00005,1775475375.44,28,1430550
N0017804D4026,1770626491.75,3543,1430550
F3365781C0215,1767967000.00,75,1430550
GS00Q14OADU407,1759038281.68,204,1430550
NNG15SC73B,1752762338.39,4297,1430550
47QMCA22D000U,1747401258.26,50177,1430550
W58RGZ12D0089,1742721024.57,4043,1430550
W58RGZ18D0082,1741774411.67,151,1430550
GS33F0025V,1741441616.18,464,1430550
F3460197D0422,1737683175.65,3646,1430550
GS00T99ALD0211,1730719092.44,569,1430550
GS00Q14OADU329,1725560618.34,927,1430550
W31P4Q20D0039,1724521167.98,116,1430550
NNG15SD19B,1716923617.41,7931,1430550
W56HZV18D0012,1711874722.69,127,1430550
HC102812D0021,1699408601.17,895,1430550
NNN06AA01C,1699006591.09,1794,1430550
FA860919D0007,1697575867.73,162,1430550
W15QKN19D0072,1686662238.17,54,1430550
N0001915G0026,1685095517.84,2507,1430550
GS09K99BHD0001,1681238266.36,3805,1430550
FA810610D0001,1674703387.63,334,1430550
SPE2D117D0023,1674401732.29,5636,1430550
F3460197D0425,1673532938.02,2272,1430550
NNG15SC55B,1671935635.22,2233,1430550
N0001917G0002,1669815299.38,992,1430550
NNG15SC59B,1668692480.85,3154,1430550
FA862607D2073,1653381177.00,68,1430550
HC104705D4005,1651742754.23,3671,1430550
GS00Q09BGD0056,1650787054.63,1149,1430550
N0001914D0011,1650551452.09,1361,1430550
W15P7T06DE404,1650547416.46,1101,1430550
SPE2DX22D0019,1645216810.10,57484,1430550
DAAB0703DB009,1644793548.33,2329,1430550
47QRAA18D001P,1644555926.71,1089,1430550
26301D0054,1641005071.53,398,1430550
W15P7T11DH607,1636940504.43,870,1430550
GS35F0163N,1635821600.90,2747,1430550
693JF719D000002,1634932228.97,87,1430550
GS00Q14OADS722,1630347860.39,1893,1430550
SAQMMA09A0173,1628171675.94,2019,1430550
GS35F110DA,1627988623.77,1160,1430550
SP070098D4002,1627781072.38,4193,1430550
GS00T07NSD0038,1622641112.39,138938,1430550
SAQMMA12D0165,1622588154.70,568,1430550
W56HZV23D0008,1617264610.36,136,1430550
36C10X19D0004,1615604307.33,46,1430550
N0002418D6401,1611195020.55,2692,1430550
GS00Q09BGD0020,1610962731.17,988,1430550
GS00Q17NSD3009,1602682982.76,2210,1430550
DAAB0700DE252,1598321765.02,700,1430550
W912EK22D0002,1590443812.02,164,1430550
N0001918D0001,1589205147.26,324,1430550
FA852819D0015,1586518069.96,602,1430550
SPM8EJ09D0017,1584093052.10,7454,1430550
70B01C21A00000002,1580852877.31,149,1430550
FA810616D0002,1579284113.62,817,1430550
FA807518D0011,1579199794.15,1437,1430550
SPM30008D3196,1578378079.00,9676,1430550
HQ000604D0006,1578300481.49,1249,1430550
GS00Q14OADU113,1575535869.82,1155,1430550
EDFSA09D0013,1574628523.46,527,1430550
W31P4Q22D0004,1571375331.36,63,1430550
HQ014712D0001,1567541332.12,739,1430550
W911SE07D0006,1564632990.76,643,1430550
HHSN316201200008W,1564420347.47,641,1430550
36C79119D0021,1556424249.10,7,1430550
N0001984C0270,1552171000.00,31,1430550
W912EK23D0011,1549569372.30,68,1430550
W900KK18D0018,1546947181.01,1727,1430550
FA862006G4026,1546831898.92,1077,1430550
GS00Q14OADS621,1540951665.99,1031,1430550
89303321DEM000061,1535304209.97,136,1430550
N0017819D8470,1534731615.74,1465,1430550
NNS15AA01C,1527630160.14,1582,1430550
N0017804D4091,1525394296.12,4173,1430550
W91QUZ07D0005,1517979969.28,1028,1430550
DOCYA132315BU0033,1503566169.71,139,1430550
HHSN316201200011W,1502618481.55,511,1430550
FA862005G3028,1495814654.32,728,1430550
FA862016G3028,1492048197.01,465,1430550
W9128F20D0005,1474989049.82,46,1430550
GS25F0062L,1471764727.20,62016,1430550
GS35F4543G,1460120604.29,17958,1430550
HHSN316201200026W,1453539391.58,388,1430550
47QMCA22D000N,1444493645.31,28957,1430550
F3365781C0213,1444349000.00,182,1430550
DAAB0703DB012,1438015657.75,1198,1430550
47QMCA22D000Q,1431466344.74,31603,1430550
FA882320D0001,1420445686.75,155,1430550
GS35F4120D,1418759654.65,12896,1430550
N0001983C0272,1418469000.00,45,1430550
W31P4Q09A0021,1416674583.80,1547,1430550
2031JG21D00023,1416506493.60,88,1430550
GS35F4357D,1415653696.57,5183,1430550
F3365794D2001,1415476778.00,75,1430550
70CDCR20D00000011,1414139600.19,52,1430550
N6133903D0014,1413469747.94,255,1430550
FA868920D2020,1410987091.00,302,1430550
HTC71123DC023,1406977131.76,1384,1430550
F3365779C0779,1406872000.00,152,1430550
SP020003D1666,1406302536.00,14557,1430550
SP070000D3180,1405162062.55,4945,1430550
F3370078C0001,1403336000.00,88,1430550
GS00Q17NSD3006,1402213629.20,3987,1430550
HHSM500201300014I,1401808359.76,203,1430550
W56HZV18D0010,1400156361.52,496,1430550
W91QUZ06D0012,1399038368.66,1663,1430550
HTC71117DC003,1396136800.17,9072,1430550
89303324DEM000096,1393478252.06,27,1430550
HC108420A0003,1391717879.01,842,1430550
N0017804D4143,1390391605.27,4013,1430550
N0001919D0026,1380309826.69,89,1430550
EDFSA09D0015,1378870720.11,299,1430550
GS00Q14OADU313,1373168905.43,143,1430550
2031JG21D00006,1371816278.62,347,1430550
FA862021G4028,1371292119.79,218,1430550
F3365784C2014,1370657000.00,50,1430550
W91QUZ06D0016,1368193830.61,1669,1430550
SAQMMA10D0018,1367593349.46,796,1430550
FA807514D0016,1367377378.86,2879,1430550
N6134019D1006,1364908316.67,512,1430550
FA810809D0006,1363305070.53,1548,1430550
NNG15SD00B,1362537704.23,7997,1430550
SPM8EJ14D0011,1361014024.04,7091,1430550
GS00Q09BGD0060,1357491031.78,394,1430550
GS00Q09BGD0030,1353591753.06,905,1430550
FA861707D6151,1353181397.75,411,1430550
N0001919D0032,1349219092.69,134,1430550
W31P4Q18D0002,1348265963.33,2261,1430550
FA863819D0001,1345978588.64,843,1430550
VA11811D1000,1342992046.13,474,1430550
GS00Q14OADU130,1342354828.77,635,1430550
W56HZV20D0062,1340840027.16,130,1430550
HTC71117DC001,1339421414.23,2471,1430550
GS00Q14OADS742,1334169866.22,1057,1430550
GS00Q09BGD0027,1334125821.06,512,1430550
VA11816D1003,1333736692.69,427,1430550
75FCMC18D0047,1332820160.97,1027,1430550
SPE8EJ21D0022,1325372486.39,5664,1430550
EDFSA09D0014,1325034182.13,377,1430550
NNG15SC65B,1323555855.16,3845,1430550
FA865621DA004,1322277567.03,121,1430550
FA877104D0004,1320692325.74,2380,1430550
F3365785C2086,1316611000.00,45,1430550
DAAE0700DM051,1313039337.54,993,1430550
W58RGZ23D0011,1307684704.14,35,1430550
FA807514D0014,1307592521.96,1620,1430550
FA860918G0002,1305571332.00,30,1430550
DAAE0700DS022,1305166512.75,217,1430550
W9113M07D0006,1303071874.95,509,1430550
SP060013D0453,1300265002.39,1,1430550
EDFSA09D0012,1299917742.22,392,1430550
N0038321DZN01,1299256749.14,15,1430550
N6247019D8025,1296979798.99,243,1430550
47QTCK18D0030,1296904746.11,236,1430550
GS00T99ALD0202,1296619684.61,722,1430550
36C10X19D0006,1290855508.99,40,1430550
FA854019D0001,1284052742.91,469,1430550
GS35F4460G,1280396364.05,5830,1430550
SPE8EJ20D0012,1276066985.75,5001,1430550
W911SE07D0004,1275940387.09,327,1430550
W58RGZ04G0023,1270671777.07,1304,1430550
HC101909D2000,1269209280.48,5601,1430550
N0002481C2134,1267855000.00,223,1430550
W15QKN18D0015,1263911122.19,81,1430550
GS00Q14OADU116,1262357535.71,541,1430550
W56HZV08DG097,1261971111.99,111,1430550
GS00Q14OADU317,1256626977.16,184,1430550
SAQMMA16D0136,1255249613.94,545,1430550
USZA2203D0006,1250512354.85,9588,1430550
N0001985C0145,1250095000.00,16,1430550
GS00Q14OADU117,1248199219.16,226,1430550
36C10G21D0001,1247876599.80,81,1430550
NNG15SD11B,1247218303.51,6536,1430550
GS35F5151H,1244864766.16,928,1430550
N0017804D4079,1242739459.36,2819,1430550
GS00Q09BGD0059,1238199847.71,481,1430550
W56HZV19D0054,1234928200.01,92,1430550
VA79113D0013,1230257366.72,20,1430550
GS00Q09BGD0018,1228277441.35,612,1430550
VA119A16D0038,1227950320.80,49,1430550
SAQMMA10D0104,1227763238.97,156,1430550
47QTCK18D0031,1226069665.39,294,1430550
SPM30008D3194,1224944893.93,3357,1430550
HQ014718D0002,1222930889.67,379,1430550
W52P1J11G0002,1222446116.81,406,1430550
GS30FK0002,1221440146.82,24363,1430550
N0002485C2062,1221142000.00,60,1430550
GS00Q14OADU141,1220722488.73,411,1430550
SPE2DX22D0089,1219321473.51,9968,1430550
W91QUZ07D0011,1218141864.98,10647,1430550
GS35F0312U,1215365606.38,948,1430550
FA862011G4026,1215247695.03,771,1430550
GS30FR0006,1215014436.61,38489,1430550
NNG15SC27B,1214091073.30,2343,1430550
GS00F008DA,1213530216.91,1340,1430550
N0002486C2076,1205798000.00,67,1430550
GS00F0026M,1205340609.55,3747,1430550
NNG15SD60B,1205021307.04,7392,1430550
SPE4AX16D9008,1202880843.72,1156177,1430550
GS00K89AHD0009,1201666000.00,14,1430550
500990016,1200351000.00,3,1430550
GS35F386DA,1198379613.61,604,1430550
HQ014718D0004,1197811522.23,1459,1430550
N0038322GYY01,1197622758.56,951,1430550
W91QUZ06A0003,1195971936.55,1850,1430550
TMG5002,1195163000.00,649,1430550
FA812423D0002,1185324300.92,158,1430550
HSHQDC16D00001,1184028228.90,1132,1430550
GS35F540GA,1183202275.93,596,1430550
HSTS0516DSPP906,1179982099.54,105,1430550
GS09K99BHD0010,1179317012.50,2124,1430550
N0001924G0010,1175929222.30,97,1430550
W15P7T10DD413,1172996116.85,1561,1430550
DAAB0703DB013,1171196543.56,1120,1430550
HSBP1006D01353,1170776089.32,311,1430550
GS35F4338D,1169954512.77,2107,1430550
HHSM500200700001I,1169327513.33,82,1430550
FA850417D0002,1166404499.08,266,1430550
GS00F275CA,1166266335.84,1160,1430550
DJJ11C2131,1164407995.36,7224,1430550
W91QUZ07D0010,1161802133.62,9912,1430550
GS35F4663G,1159358836.29,13818,1430550
NNG15SC92B,1155684395.94,2841,1430550
SPE4AX17D9006,1154327906.61,92,1430550
SPE7LX19D0029,1153380320.18,215393,1430550
F0470102D0006,1150193992.83,1075,1430550
VA797H17D0024,1149329615.95,5973,1430550
GS35F4797H,1148391192.18,2265,1430550
70B01C23D00000008,1147140316.44,17,1430550
FA862618D0029,1144747715.48,82,1430550
NNG15SD72B,1142089142.84,3017,1430550
NNG07DA41B,1141457644.40,6417,1430550
F3460197D0423,1140805424.55,3244,1430550
W9126G19D0027,1140089537.89,15,1430550
FA810516D0003,1139664069.72,1271,1430550
DAAB0701DM001,1137138309.50,452,1430550
GS00Q14OADS417,1137137219.71,288,1430550
GS30FK0003,1134905917.68,23863,1430550
SPM30008D3155,1129589163.27,18161,1430550
47QSWA18D008F,1129299471.71,2060,1430550
DAAB0703DB006,1128562036.25,2825,1430550
DOC50PAPT0410001,1127191760.90,231,1430550
F6256257D0001,1126491914.00,109,1430550
FA877104D0003,1126147550.74,5131,1430550
W56HZV09D0111,1125761452.66,634,1430550
W56HZV13D0008,1124951307.00,488,1430550
FA810817D0016,1118574636.66,434,1430550
GS00T99ALD0203,1117918313.46,1001,1430550
FA870215D0002,1116705172.96,896,1430550
36C79119D0036,1112692713.25,156,1430550
GS35F0617Y,1111957187.92,1134,1430550
HSHQDC06D00026,1110582763.51,834,1430550
N0001986C0326,1103231000.00,12,1430550
DCA20087H0024,1103227708.00,5995,1430550
36C10X22D0007,1102790127.76,18,1430550
V797P6011B,1102099930.13,6335,1430550
GS00Q14OADS723,1096258149.12,1315,1430550
2031JG18D00001,1095936184.05,389,1430550
F3365784C2047,1093929000.00,18,1430550
HQ003419D0001,1093510867.58,339,1430550
W31P4Q24D0019,1087821955.41,30,1430550
FA824015D2780,1085750286.36,383,1430550
W31P4Q09A0016,1085675321.57,1878,1430550
GS00Q14OADU125,1082506619.80,485,1430550
SPE8EJ20D0013,1081524041.99,644,1430550
FA807514D0025,1080582987.91,2204,1430550
FA850407D0001,1079459019.05,662,1430550
HHSN316201200050W,1079238332.53,786,1430550
W58RGZ13D0048,1077658750.53,1322,1430550
F3365798D0019,1077622329.04,35,1430550
HSSCHQ04D00096,1076910259.77,563,1430550
DAAB0702DP001,1073883065.54,1412,1430550
FA881125DB002,1070683305.00,28,1430550
HQ085622D0001,1070535893.68,194,1430550
N0038319DU501,1070086779.81,40,1430550
GS00T99ALD0008,1069321015.92,28,1430550
GS00Q09BGD0013,1067789695.39,1163,1430550
HHSO100200800072I,1066944711.57,23,1430550
70B01C26D00000003,1065873730.00,5,1430550
W15P7T19D0157,1065805145.77,792,1430550
HQ003419D0006,1065365109.59,266,1430550
FA861718D6219,1063370872.35,167,1430550
GS23F9796H,1062997027.40,2709,1430550
GS00Q09BGD0049,1062917207.20,141,1430550
F3360096D0057,1059476984.00,299,1430550
NNG15SC03B,1059431104.27,2587,1430550
W81XWH1590001,1058889635.16,699,1430550
W15P7T06DE401,1057136598.88,1551,1430550
GS35F0629R,1055834287.10,448,1430550
W52P1J19D0075,1054440111.24,129,1430550
SPE8EJ19D0003,1052957310.35,3684,1430550
SPM30012D3572,1048431214.84,23551,1430550
GS35F4522G,1044990922.71,2952,1430550
HSFE7017D0014,1044132705.70,518,1430550
2031ZA21D00002,1044043071.16,208,1430550
HHSM500200700015I,1044025525.80,278,1430550
FA869021D1009,1043169400.52,189,1430550
36C10X19D0008,1043039312.18,47,1430550
VA797H17D0022,1042875046.53,5685,1430550
W15P7T06DC002,1038426625.41,1668,1430550
DAAH0187CA025,1033693000.00,63,1430550
N0017819D8498,1032240058.05,443,1430550
GS23F0025K,1032217916.92,3088,1430550
GS35F4594G,1031715833.49,2754,1430550
F4261099D0006,1030925454.35,856,1430550
GS23F0037K,1027032441.42,99,1430550
GS06F0594Z,1024510401.59,492,1430550
SPE2DX22D0069,1015324904.54,8566,1430550
15F06719D0003691,1015011811.27,66,1430550
DOC50PAPT1500003,1014312181.29,99,1430550
SPE4AX16D9408,1013788946.18,147,1430550
SPE8EJ21D0026,1013357693.40,3172,1430550
N0002498D8124,1013295672.17,1827,1430550
SLMAQM04C0033,1013117642.42,432,1430550
VA11816D1001,1012691343.61,187,1430550
DAAJ0982CA326,1012363000.00,52,1430550
W52P1J17D0043,1011808264.86,244,1430550
SPE60221D0488,1009988869.40,164,1430550
N0001975C0424,1009297000.00,71,1430550
FA877104D0009,1007209903.05,3261,1430550
VA79113D0019,1003375309.59,19,1430550
W15P7T17D0100,1002800450.50,655,1430550
GS35F0823M,1002625698.09,2285,1430550
NNG15SD31B,1001890406.86,932,1430550
GS00Q14OADU401,1001853359.89,108,1430550
GS35F0045K,999867487.69,3489,1430550
HQ085121D0001,999166386.11,902,1430550
N0003922D0070,997955345.04,534,1430550
GS23F8127H,997555203.51,2376,1430550
AID306I000600517,996184636.03,186,1430550
HQ014718D0011,994834845.55,124,1430550
N0001985C0250,993293000.00,57,1430550
FA807518D0006,993187168.21,611,1430550
GS00Q09BGD0037,990763624.56,564,1430550
SAQMMA10D0098,990186364.87,147,1430550
F3365783C2001,989397000.00,42,1430550
SPM8EJ09D0028,989023112.78,4334,1430550
N0038317DBG01,988424761.49,29,1430550
GS00Q14OADU109,986599642.93,299,1430550
TIRNO17D00004,984976874.62,526,1430550
F3365798D0018,984208388.52,246,1430550
GS00Q14OADS619,983870565.86,997,1430550
HSTS0108DHRM010,982330388.74,492,1430550
FA862006G4003,981682039.92,697,1430550
GS35F0343J,981142732.05,2592,1430550
SAQMMA16D0048,979758569.89,167,1430550
47QSCC21A0001,979740771.26,595107,1430550
HSHQDC06D00032,979538019.99,902,1430550
W15P7T16D0002,978737267.25,146,1430550
F3460197D0424,975565823.94,2308,1430550
GS28F8049H,973833379.75,25459,1430550
W15P7T10DD420,973779145.34,502,1430550
DAAH0183CA107,972364000.00,28,1430550
DCA20001D5002,970181217.37,757,1430550
DAAE0783CA128,969841000.00,36,1430550
NNG15SC10B,969537246.28,1550,1430550
W91QUZ06D0003,968339957.94,7999,1430550
HHSM500201300016I,964740482.25,137,1430550
GS30FK0005,964622955.41,12003,1430550
N0010404AZF12,964517454.35,209,1430550
FA862020G4050,964252653.99,162,1430550
GS03F0169X,964050976.92,162,1430550
SP060012D1002,959277711.80,4,1430550
H9224119D0003,957895296.75,366,1430550
FA810617D0002,957805420.37,994,1430550
FA300218D0008,956525416.75,298,1430550
GS00Q14OADS705,953171573.32,604,1430550
N0001983C0176,952687000.00,44,1430550
F0470185C0086,950741000.00,15,1430550
36C79119D0018,950706593.13,5,1430550
FA867220D0001,950078186.12,107,1430550
FA701418D5000,948961729.46,548,1430550
FA805120D0001,948682818.34,38,1430550
VA797P0191,948440826.10,8483,1430550
FA822307D0001,948195164.13,609,1430550
SAQMPD05D1098,946087503.11,137,1430550
SPE4A114G0007,940799219.97,19574,1430550
NNG10AZ13B,940010872.02,257,1430550
75FCMC18D0046,939742666.19,26,1430550
F3365783C0150,939115000.00,71,1430550
F1963093D0001,936401587.57,5532,1430550
SP040001D9405,935135289.52,846,1430550
DAJB0966D0027,934515542.00,130,1430550
F3365701D0013,933601122.11,727,1430550
GS35F0153M,931686234.03,3345,1430550
70RSAT20D00000001,931174135.85,973,1430550
W91QUZ06D0010,930129729.54,701,1430550
F3365782C2110,928700000.00,174,1430550
NNG15SC25B,928101917.35,74,1430550
DECA0100G2056,927483479.00,32,1430550
F1962885C0046,924991000.00,73,1430550
N0001917D5517,923936344.57,34,1430550
N0017819D7295,922702142.92,677,1430550
W15P7T17D0148,922410466.56,406,1430550
GS10F0309T,919957311.29,363,1430550
N0002486C2005,919157000.00,35,1430550
HHSM500201600003I,918434581.77,17,1430550
FA821324DB002,917849704.15,30,1430550
FA862115D6273,916907798.18,517,1430550
GS00T07NSD0002,915838507.10,9932,1430550
47QTCA21A0002,915754625.31,413,1430550
TIRNO11D00016,915685543.80,454,1430550
DEAM0106IM00054,912596589.45,1087,1430550
36C10X19D0010,912410146.58,46,1430550
DEAM3609GO29035,912088833.09,416,1430550
NNG15SC98B,910883688.39,1397,1430550
F1962885C0002,910495000.00,35,1430550
DAAH0186CA020,909132000.00,40,1430550
DAAB0703DB010,907343320.98,2096,1430550
N6893618D0026,906795585.56,732,1430550
SPM40001D9405,905578653.28,3385,1430550
HSFEHQ05D0471,903418831.52,89,1430550
VA11811D1008,901687314.15,618,1430550
75A50123D00003,901499779.02,47,1430550
89243225DNE000031,900500000.00,2,1430550
91003123D0005,900200017.30,124,1430550
89243225DNE000023,900000000.00,1,1430550
FA863722DB001,898171365.14,62,1430550
SPE4AX19D9410,894773939.72,34,1430550
HTC71118DCC40,892382063.56,1440,1430550
N0002482C2260,892325000.00,115,1430550
GS00Q14OADU106,890896851.05,142,1430550
GS00Q14OADU325,890846230.07,601,1430550
SPE2DE20D0027,890705374.57,263,1430550
N0038318DP601,890511726.46,44,1430550
HSHQDC06D00019,889985808.03,438,1430550
W912CH24D0016,889687790.03,15,1430550
INN07PC10444,888866983.36,43,1430550
DJM17A35V0040,888446444.90,66,1430550
36C10X23D0032,886383495.02,798,1430550
HHSM500201200008I,885501268.47,895,1430550
SAQMMA16D0046,883587830.69,206,1430550
HTC71117DCC13,883305728.29,1791,1430550
VA11816D1002,881539118.05,249,1430550
GS35F0004L,880750409.12,8841,1430550
GS00Q09BGD0050,880630087.29,430,1430550
MDA90690D0003,880223893.00,57,1430550
70Z04723DPCNI0006,879719362.35,20,1430550
SPM30014D3736,879332581.15,40537,1430550
36C10X19D0007,878632599.62,44,1430550
F3365787C2027,878596000.00,5,1430550
DECA0195G0227,876765892.00,51,1430550
GS00Q14OADU308,876130489.95,410,1430550
N0003920D0057,875481889.89,398,1430550
N0002417D6421,875191882.57,2415,1430550
HDTRA114D0003,874646292.67,915,1430550
GS00Q09BGD0022,873952681.39,473,1430550
GS35F4340D,873770173.67,3057,1430550
SS001760017,872700478.90,44,1430550
SPE2DX22D0049,872474340.07,9266,1430550
N0002325D0004,871896388.86,20,1430550
SPE8EJ21D1022,871268649.71,211,1430550
VA11816D1008,870838407.31,333,1430550
FA810809D0004,870644640.28,1381,1430550
693JF721D000007,870541460.33,592,1430550
N0002488C2034,870506000.00,2,1430550
N0038323DDM01,870175558.80,13,1430550
W91QUZ07D0009,865879587.84,7005,1430550
NNG15SD23B,865179745.05,4436,1430550
DAAH0185CA026,865100000.00,30,1430550
SAQMMA10D0099,864960501.96,141,1430550
GS00Q12NSD0004,863622491.87,717,1430550
N0017804D4061,862438447.92,1730,1430550
NNL13AA14C,861408102.48,1064,1430550
70B02C20D00000019,860112327.95,38,1430550
N6274222D1313,859248119.00,39,1430550
GS28F8029H,859120140.27,17338,1430550
GS35F116AA,858129195.43,781,1430550
NNG15SD37B,856155402.22,1265,1430550
TIRNO95D00099,852140346.05,1957,1430550
NAS598144,851521003.63,1224,1430550
36C10G21D0016,851356930.46,724,1430550
N0001921D0001,848681851.91,21,1430550
W52P1J16D0016,847126233.62,4058,1430550
HHSN316201200036W,843116721.12,409,1430550
GS35F0265X,842831503.53,8722,1430550
47QTCK18D0052,841657304.31,235,1430550
W31P4Q05A0028,841224690.07,1552,1430550
GS35F4554G,840862966.01,2549,1430550
H9240019A0002,840813719.41,251,1430550
DAJB0370D6017,839340979.21,1112,1430550
TEPD151774,836457621.36,375,1430550
SPRPA118D001U,836361565.16,54,1430550
36C10X19D0002,833959608.58,48,1430550
N0001984C0063,833222000.00,44,1430550
SPE8EJ21D0023,831928134.04,3785,1430550
W52P1J05D0003,830406461.67,146,1430550
N0060082D0440,828525000.00,162,1430550
NNK14MA75C,825676400.22,103,1430550
H9500105D0002,825165301.99,1577,1430550
F1162690D0005,823619000.00,1886,1430550
GS02S33363,821681000.00,22,1430550
HQ014718D0005,821441579.07,577,1430550
N0022881DE304,820900000.00,1,1430550
2031JG18D00002,819344258.81,270,1430550
N0017819D7876,818307034.60,188,1430550
PCEI00000001500,817641068.00,11,1430550
F3365780C0001,817278000.00,46,1430550
NNG15SC41B,816688026.03,1370,1430550
NNG07DA19B,815286823.59,4141,1430550
DAAB0786DK023,814672897.57,564,1430550
HHSN261201500003I,813515865.33,548,1430550
47QTCK18D0014,811300230.05,515,1430550
GS23F0321N,811295750.38,763,1430550
N0017804D4080,809940790.36,2012,1430550
GS10FCA017,809106459.62,101,1430550
HTC71119DR001,808522350.14,73,1430550
DTFA0192D00004,808114271.00,476,1430550
SPM20003D1675,807636438.53,6032,1430550
SP070099D0301,807128335.97,1901,1430550
N0002479C4026,806960000.00,24,1430550
N6247321D1206,805930336.42,156,1430550
GS00Q14OADS721,805297722.06,307,1430550
NNG07DA46B,805157707.15,4594,1430550
FA867216D0010,804763474.26,63,1430550
V797PPV0001,804222805.62,24,1430550
GS35F0330J,801296811.18,10160,1430550
DAAJ0985CA005,800874000.00,27,1430550
GS35F0170K,800127579.55,6370,1430550
GS00T99ALD0205,799079835.39,281,1430550
SPE2DX15D1022,798551038.99,64924,1430550
F4160884CA100,798410000.00,23,1430550
GS26F1001B,794689452.84,9306,1430550
SPE2DX15D2206,793060087.00,58101,1430550
36W79719D0001,792046754.52,1506,1430550
GS23F0084P,791410635.47,431,1430550
HTC71117DCC11,790447566.72,1306,1430550
N0001985C0311,789969000.00,12,1430550
N0002419D6200,789616774.35,130,1430550
GS33F004DA,789550216.68,102,1430550
SPE60218D0459,789302035.73,170,1430550
SPRTA119D0001,786983453.60,36,1430550
N0002483C6083,785524000.00,45,1430550
GS23F0107J,785203687.81,3447,1430550
FA873215D0044,785118752.81,143,1430550
SPM54006DBP01,785008712.76,13157,1430550
W15P7T10DD421,784652235.18,790,1430550
W15QKN19D0084,784475719.50,118,1430550
DEAM3609GO29029,784355691.08,528,1430550
GS00Q14OADU324,784278915.75,180,1430550
DASW0100D3035,783875443.00,1045,1430550
N0002401D7014,782950185.31,454,1430550
DAHC9488D0005,782944136.00,1200,1430550
W912DY15G0007,782012602.42,30,1430550
GS00Q14OADU127,780779150.47,260,1430550
GS00T99ALD0204,780525377.00,157,1430550
W31P4Q25D0010,780216887.65,8,1430550
GS35F0108J,779560235.87,3610,1430550
N6600119A0120,778277515.28,1488,1430550
NNG07DA21B,776555525.74,7530,1430550
DAAE0783CR034,776065000.00,75,1430550
NNG15SD25B,773647600.49,1525,1430550
GS30FR0007,773242902.92,23492,1430550
HC102818D0045,773201554.91,180,1430550
W56KGY17D0005,771981502.14,339,1430550
W58RGZ24D0053,770519726.72,60,1430550
HHSM500200700024I,770035021.17,261,1430550
N0017819D7088,769508141.16,292,1430550
F3460197G0002,769430235.00,1961,1430550
F3365781C0208,769146000.00,101,1430550
V797P6019B,767939836.74,4569,1430550
15JPSS20D00000271,767204803.58,2208,1430550
W58RGZ21D0094,766429923.27,170,1430550
SPE2DE21D0023,763804932.00,171,1430550
F3365794D2000,763654998.00,67,1430550
SPE60222D0466,763559237.13,109,1430550
FA862019G4023,763270054.11,134,1430550
F0960397D0008,763187186.00,2471,1430550
DAAB0703DB007,763126257.23,1837,1430550
HHSN316201200030W,762201930.82,323,1430550
N0003915D0007,761754340.02,482,1430550
NNG07DA25B,761114554.46,5644,1430550
SP470917D0023,761066298.50,508,1430550
W911WN15D0001,761056388.47,66,1430550
70CDCR20D00000009,760088746.19,88,1430550
NNG15SD74B,759741134.39,7332,1430550
SAQMMA16D0042,759586512.77,162,1430550
F0162096D0004,759334397.33,1242,1430550
N6247013D6020,758484137.25,140,1430550
GS06F0626Z,757960530.84,579,1430550
47QFCA22D0163,757686007.51,66,1430550
SPE4AX15D9441,757568407.84,142,1430550
SP060004D0486,757540204.00,2,1430550
HHSM500200600003I,757376019.17,76,1430550
N0002498D8503,757153193.00,1893,1430550
693KA918D00010,756621198.04,1721,1430550
N0038315D008F,755586231.76,32,1430550
VA11816D1005,754512701.64,168,1430550
FA863012D5018,754309456.73,78,1430550
F3365784C2131,752778000.00,25,1430550
36C10X19D0009,751585113.06,45,1430550
EDFSA11D0012,751520009.35,187,1430550
W15QKN18D0135,750753781.32,379,1430550
SP020097D7077,749650470.00,618,1430550
W52P1J18D0092,749158830.37,288,1430550
N0001984C0015,747963000.00,38,1430550
W900KK18D0008,745126219.01,278,1430550
N0038319DU001,744865375.23,27,1430550
GS35F4550G,743443201.94,1622,1430550
47QTCK18D0041,742706894.52,134,1430550
W15P7T16D0003,742631419.33,159,1430550
HS002119D0128,741934516.13,23,1430550
GS30FW0003,741554590.92,17712,1430550
HTC71125DCC04,741462569.11,767,1430550
N000258300000,741139000.00,10,1430550
FA300208D0008,740290995.17,581,1430550
2031JG23D00001,739961555.32,137,1430550
N0001981C0157,739137000.00,49,1430550
47QFCA22D0303,738635429.00,41,1430550
SPRPA118D002U,738027939.39,198,1430550
W900KK1890005,737892835.59,595,1430550
F3460192G0010,735804958.00,1338,1430550
W52P1J22D0006,735782760.85,34,1430550
70CDCR20D00000007,735690631.51,144,1430550
GS00Q14OADU309,735684305.92,124,1430550
GS00F045DA,735551154.73,1060,1430550
FA810809D0005,735382987.50,490,1430550
NNG07DA35B,733115529.53,7186,1430550
HHSN316201200023W,732179019.14,445,1430550
NAS501143,731909501.16,4617,1430550
HTC71117DR018,731541194.68,36,1430550
HSHQDC06D00024,730653010.01,428,1430550
SPE2DX22D0010,730569474.71,29002,1430550
47QTCK18D0047,728907935.85,203,1430550
SAQMMA10A0058,728376455.59,821,1430550
GS00F029DA,727798147.67,771,1430550
N0001920D0008,727789278.66,576,1430550
W52P1J09G0001,727739910.52,2816,1430550
DAHC9490D0012,727692778.00,5308,1430550
N0003918D0070,727304513.51,604,1430550
SPE2DX19D1501,727235847.23,8790,1430550
70RTAC20A00000003,726650355.20,409,1430550
36C10X19D0001,725382679.26,44,1430550
W911SE07D0008,724372159.01,332,1430550
OPM1516D0003,722970556.21,34,1430550
W56KGY19D0020,722750036.85,146,1430550
GS35F685GA,721822075.73,186,1430550
FXXXXX88XXXXX,721590000.00,338,1430550
N0003920D0020,721318110.37,13043,1430550
SPE60218D0466,720343585.57,116,1430550
SP470107A0001,718678221.93,638,1430550
N0042118D0004,718602368.00,779,1430550
263010050,718492212.27,1186,1430550
NNG07DA45B,718289426.92,2149,1430550
70CDCR24A00000001,718111233.00,10,1430550
GS00Q09BGD0041,717627049.27,346,1430550
W909MY19D0015,716405979.41,87,1430550
FA877111D1006,715916257.95,1347,1430550
HC108419D0004,715591123.78,135,1430550
FA852814D0015,715227228.52,403,1430550
91003123D0001,714937521.92,132,1430550
N0001920D0004,714694753.71,72,1430550
W15QKN22D0008,713915441.27,211,1430550
GS00P10BSD0725,712187114.91,1371,1430550
N0002488C5140,712041000.00,3,1430550
HHSN316201500011W,710827044.05,705,1430550
H9240019D0001,710814648.53,324,1430550
HHSN316201200040W,710667479.98,360,1430550
HTC71114DR025,710093114.09,54,1430550
FA810606D0001,708671460.55,564,1430550
HHSM500200400007I,708629342.15,253,1430550
DACA7899D0003,707796274.07,310,1430550
HSCEDM15D00015,707675400.12,122,1430550
GS09K99BHD0004,707070015.05,2534,1430550
VA11816D1006,705171414.40,304,1430550
F1963081D0002,705055000.00,3097,1430550
W58RGZ09D0130,703855643.09,1245,1430550
GS09K99BHD0009,702983883.47,1514,1430550
W31P4Q17D0026,702196032.98,486,1430550
N0017819D7693,701268835.77,570,1430550
VA797P12D0011,699420917.75,2217,1430550
SPE4AX16D9476,697227247.74,758,1430550
HC102808D2015,695670912.67,1248,1430550
FA853008D0008,693874183.61,292,1430550
FA300206D0006,691451351.65,619,1430550
GS00Q14OADS128,690974191.18,1543,1430550
N0001920G0007,690523739.07,468,1430550
DAAE0701GN001,688752686.83,258,1430550
MDA90392D0013,688158283.00,2346,1430550
W52P1J18D0093,688108699.50,204,1430550
75N95021D00012,686100156.67,1639,1430550
NNG15SD29B,685706742.67,580,1430550
FA862024GB001,683713390.58,32,1430550
N0002411D4229,683649459.48,1848,1430550
N0002401D7013,683142888.93,506,1430550
GS35F0131R,682533774.08,6859,1430550
2031JG21D00022,682168566.93,49,1430550
SPE2DE21D0050,681753552.90,1259,1430550
W56HZV22D0002,681462175.49,29,1430550
SAQMMA17D0080,681355857.93,298,1430550
W91QUZ06D0020,681233116.42,1341,1430550
36C10E19D0015,680933292.35,93,1430550
47QFCA22D0337,680639840.01,46,1430550
GS10F0083L,680629856.23,1470,1430550
FA862622D0010,680427128.92,62,1430550
FA872621D0001,680378039.27,151,1430550
NNG07DA08B,679072358.63,6784,1430550
NNG15SC28B,679056958.54,3899,1430550
SAQMMA09D0084,678826341.97,657,1430550
GS35F4507G,678689524.18,1957,1430550
VA11915A0131,677025139.62,971,1430550
36C10G24D0088,676755682.18,11,1430550
W58RGZ21D0028,676430022.72,63,1430550
GS35F0195J,676199261.95,17346,1430550
GS35F0279J,676090279.33,4938,1430550
HHSN316201200117W,674897378.84,746,1430550
W9124D11D0036,673712319.37,1556,1430550
W911W404D0005,673596025.04,273,1430550
N6893623D0001,673563403.26,264,1430550
VA79811D0003,673251181.47,28,1430550
W52P1J19D0015,672728503.01,45,1430550
SPRPA124D001E,671827770.65,1,1430550
H9240121D0002,671056412.85,226,1430550
GS23F0217K,670529765.64,418,1430550
500030014,670302906.73,331,1430550
DOCYA132316CQ0003,670086018.70,193,1430550
NNG07DA20B,669978666.15,3661,1430550
DTCG2302DNDRS02,669822034.65,1165,1430550
GS35F281DA,669576856.97,664,1430550
DAAE0782C4060,669370000.00,62,1430550
73351019D0001,668860279.13,28,1430550
GS28F8014H,668249895.57,13468,1430550
FA873215D0034,668188483.08,417,1430550
N0001919G0011,667685115.95,133,1430550
70B04C20A00000008,667343566.86,81,1430550
FA852807D0015,666912760.70,314,1430550
36C10X23D0003,665911097.75,972,1430550
VA11816D1013,665613649.01,117,1430550
GS07T00BGD0019,664204871.42,2190,1430550
FA862622D0002,664065193.08,59,1430550
GS00Q14OADU312,663704987.69,183,1430550
AIDOAAI1700008,662355358.24,44,1430550
SPE4AX15D9412,661521744.34,76,1430550
HSHQDC12D00013,661026700.96,4337,1430550
W519TC24D0007,660909848.22,79,1430550
70B01C20D00000004,660623565.40,678,1430550
N0042123D0001,660389815.00,504,1430550
HHSN316201200009W,659551997.30,357,1430550
N0017804D4078,659333352.58,2427,1430550
SPE60222D0499,658962657.27,150,1430550
47QRAD20DU108,658892742.69,55,1430550
F3460182C0078,657831000.00,83,1430550
69P05115779000,656747000.00,102,1430550
N0001985C0447,656392000.00,8,1430550
N0003924D4004,655790889.49,59,1430550
GS35F0511T,655379415.20,10064,1430550
DAAE0781C5760,655363000.00,80,1430550
SPE4A119G0013,655250980.12,17443,1430550
HQ072716D0001,654885816.16,336,1430550
GS35F5396H,654310753.07,2175,1430550
N6600118A0006,653761863.13,845,1430550
SPE2DX15D1053,653663379.86,70862,1430550
DJJ08C1657,653473740.68,366,1430550
FA821415D0001,653370639.36,715,1430550
GS00Q09BGD0047,652747852.78,481,1430550
VA11811D1011,652109291.77,278,1430550
GS35F0086U,651839450.10,383,1430550
HHSM500200700014I,651459913.08,225,1430550
F3365701D2074,649983500.43,265,1430550
DAAA0981G2010,649712000.00,119,1430550
GS35F309AA,649688990.11,511,1430550
NNG15SD82B,649227398.43,952,1430550
DTFAWA17D00014,647702515.76,924,1430550
N0001908D0014,647589781.36,361,1430550
BPA00007,647558000.00,287,1430550
DAAA0902D0025,647461947.65,194,1430550
N0003920D0146,647387046.65,346,1430550
W912CH24D0008,646825704.28,60,1430550
GS09K99BHD0006,646384195.02,1936,1430550
36C10X19D0003,646360439.81,44,1430550
GS00Q14OADS112,646156899.89,1155,1430550
USZA2202D0017,646114921.16,2553,1430550
V797P6029B,645091218.74,3119,1430550
W9124P1990001,644669171.38,50,1430550
DJJ13C2439,644385248.09,1865,1430550
SPE60223D0454,644172015.93,102,1430550
FA862115D6266,644000689.09,215,1430550
HSCEDM14D00004,643009491.02,87,1430550
TIRNO11D00011,642488589.56,764,1430550
70B04C19D00000021,642346436.83,68,1430550
47QTCK18D0022,642255089.37,261,1430550
N0001911G0001,642044883.71,1441,1430550
FA882319D0001,642017657.65,281,1430550
70B01C26D00000008,641277600.00,2,1430550
N0038320GX901,641076760.71,955,1430550
FA881124DB003,640303445.24,15,1430550
TMHQ13C0009,639971201.96,25,1430550
HT003822D0001,638908294.05,36,1430550
N0002484C2063,637965000.00,124,1430550
FA873213D0013,637602201.89,1893,1430550
DAAE0781C0001,637341000.00,16,1430550
HHSN271201000005I,636979483.25,4516,1430550
W31P4Q15A0024,636474637.44,412,1430550
F4262098D0054,636393070.13,645,1430550
W91QUZ07D0004,635948115.57,1449,1430550
DAAK5084C0008,635919000.00,8,1430550
GS00Q14OADS724,633958164.82,635,1430550
HSHQDC13D00023,633763096.36,2559,1430550
GS07F5965P,633524751.22,7047,1430550
GS35F4194D,633282819.90,4691,1430550
GS00Q14OADU310,632905499.19,119,1430550
W15P7T17D0142,632722964.16,636,1430550
DTFA0101CA0065,632496733.04,319,1430550
H9240222D0001,632071206.32,209,1430550
36C10X19D0011,631396459.47,43,1430550
NNG07DA26B,630615566.08,3745,1430550
SLMAQM03C0033,629155730.74,241,1430550
GS35F253CA,629018791.38,3005,1430550
TIRNO11D00022,628729466.42,488,1430550
70Z04718DWHITUR00,627900765.57,303,1430550
GS00Q14OADS611,627112231.03,592,1430550
DAAJ0985CA481,627083000.00,28,1430550
VA11816D1004,626305729.94,104,1430550
HSHQDC13A00040,625548309.54,510,1430550
VA79114D0016,625516713.57,84,1430550
GS35F0119P,624947543.82,28078,1430550
W56KGY25D0008,624925695.21,4,1430550
W9124P20D0002,624741997.18,3275,1430550
DCA20000D5000,624356299.37,844,1430550
DACA6303D0005,624270000.00,15,1430550
FA873214D0013,623746715.81,608,1430550
70FB8018D00000003,623735476.23,339,1430550
DEAM3609GO29039,623401063.89,603,1430550
N666041890001,622768447.91,537,1430550
HTC71119DW026,622512957.80,64,1430550
GS09K99BHD0003,621840271.98,1501,1430550
SPE4AX18D9416,621791119.38,5109,1430550
N0002483C2039,621579000.00,161,1430550
HHSN316201300006W,621243452.59,314,1430550
GS00Q14OADU126,621129333.07,251,1430550
DTRA0101D0013,621010148.69,269,1430550
GS00Q09BGD0025,620593557.94,938,1430550
SPM8EJ14D0008,620464871.22,1724,1430550
W56KGY22D0001,620332392.48,121,1430550
N0010402AZE84,620119212.45,684,1430550
SAQMMA17D0109,619973465.14,69,1430550
DCA20001D5003,619255663.00,442,1430550
80GSFC19D0011,618934373.48,2334,1430550
VA11816D1016,618771697.14,148,1430550
SPE8EC23D0002,618704112.71,812,1430550
FA862810D1000,618574112.74,506,1430550
VA797P12C0022,618570755.70,1293,1430550
HTC71123DC025,618528183.08,4255,1430550
HHSM500200700021I,617221984.34,210,1430550
HC102808D2006,616360605.04,445,1430550
N0002487C2023,615491000.00,4,1430550
N0003284C4484,614624000.00,31,1430550
NNL04AA03B,614378977.24,714,1430550
NNG15SC69B,614271715.98,2580,1430550
W58RGZ18D0138,613372032.18,411,1430550
HR001122D0001,613361578.97,632,1430550
36F79722D0185,612808127.90,63,1430550
NNG15SC94B,612689883.65,1252,1430550
SPE60518D1256,612300533.40,5157,1430550
HTC71116DW014,612035386.70,62,1430550
HHSD200201037217I,611891671.44,707,1430550
W52P1J18D0030,611508698.42,119,1430550
DACA8797D0008,610624123.64,62,1430550
N0002401D7017,610610315.71,761,1430550
DAAK1081C0093,610010000.00,22,1430550
DAAE0782C0001,609883000.00,28,1430550
N0003920D0058,609334208.61,285,1430550
NNG15SC05B,609319030.45,4912,1430550
F3365701D2014,609265673.36,15,1430550
NNG15SC85B,608864699.14,2026,1430550
N0001915G0003,608750017.66,715,1430550
NNG15SC04B,607793129.56,3035,1430550
NNG15SD30B,607071835.44,1370,1430550
FA862115D6267,606954612.66,220,1430550
FA890317D0041,606942918.21,148,1430550
F3365775C0377,606509000.00,117,1430550
W52P1J11D0002,606408476.86,1086,1430550
FA877104D0002,605502116.00,3093,1430550
GS35F372DA,604185176.63,126,1430550
N0018902D0042,603625079.17,15387,1430550
GS00F0049M,603091547.66,1168,1430550
N0017804D4122,601918679.80,2996,1430550
GS07F5548P,601130288.12,355,1430550
W15QKN21D0005,600515202.31,38,1430550
GS07F0418K,600434050.69,968,1430550
SPE3S122DZ146,600252590.06,123,1430550
N6134019D0004,599811633.96,118,1430550
N0001986C0207,599500000.00,16,1430550
GS07F0366K,598792301.95,848,1430550
HSHQDC13DE2090,596459665.13,99,1430550
GS30FW0005,595904004.54,14783,1430550
SPE8EC17D0012,594867743.25,1426,1430550
W91QUZ09A0003,594029253.69,2113,1430550
V797P2065D,593402494.17,5684,1430550
TMG5008,593243000.00,462,1430550
W91QUZ06D0017,592285961.23,833,1430550
SPE60225D0459,592036764.50,97,1430550
FXXXXX86XXXXX,591624000.00,572,1430550
DJJ04C0980,591618412.66,2905,1430550
HHSD200200403409I,591349147.12,1240,1430550
W91CRB24D0011,591308152.52,36,1430550
W519TC25D0039,590991283.26,56,1430550
FA870806D0001,590745724.04,701,1430550
FA873214D0004,590690910.06,4028,1430550
N0038320DW201,590610850.88,15,1430550
W52P1J05D0004,590265498.33,244,1430550
N0001922D0042,589991456.27,52,1430550
SPM30013D3153,588595289.15,9834,1430550
N6523619D4809,588074625.98,587,1430550
TEP110015,587467445.00,298,1430550
GS23F9806H,587118660.58,1239,1430550
HT940214D0001,586811099.11,45,1430550
GS35F146DA,586710040.79,344,1430550
GS23F8049H,586637119.36,2149,1430550
DAAA0977C4007,585750000.00,142,1430550
W52P1J16D0014,585503513.24,3262,1430550
FA867217D0004,585114143.89,177,1430550
SPRRA220D0012,584935187.32,44,1430550
HSHQDC14D00006,584072489.72,1109,1430550
HS002119D0127,582489643.76,23,1430550
36C10E19D0018,582461614.02,101,1430550
SPM20005D1100,582129234.58,19211,1430550
FA852218D0002,581697901.50,243,1430550
693KA721D00001,580900543.00,281,1430550
NAS501142,580647562.10,5906,1430550
SAQMMA14D0151,579969829.54,338,1430550
NNG15SD39B,579931514.01,1782,1430550
47QFCA22D0406,579798396.08,53,1430550
VA11816D1028,578476250.11,234,1430550
GS00F0028Y,578149284.30,809,1430550
HSHQDC15A00017,577747224.64,852,1430550
W31P4Q20D0031,577082387.14,138,1430550
F4160890D1538,576980255.00,40,1430550
F1962886C0001,576890000.00,49,1430550
F0470484C0048,576284000.00,41,1430550
NAS598145,576142535.25,2497,1430550
W909MY18D0033,575917809.00,132,1430550
W91CRB17D0009,575783015.31,153,1430550
NNG07DA49B,575545801.13,3764,1430550
GS23F0235K,575458077.94,156,1430550
GS35F0009T,574851253.28,2122,1430550
GS00P06BSD0393,574492103.85,1001,1430550
FA807518D0007,574441103.28,670,1430550
W52P1J12D0078,574327716.43,376,1430550
F0960303D0002,573884570.27,868,1430550
F3460101D0155,573855787.52,2117,1430550
W31P4Q09A0023,572989782.27,1260,1430550
SPE60222D0456,572967101.27,39,1430550
N0002484C2027,571960000.00,114,1430550
SAQMMA10D0001,571662483.79,98,1430550
N0002484C4003,571403000.00,34,1430550
GS00Q14OADS732,570388547.16,784,1430550
GS35F626GA,570316731.54,80,1430550
GS35F4027D,568882861.89,3611,1430550
SPE3S122DZ145,568718374.12,88,1430550
SPE60223D0487,568621727.99,152,1430550
SPE2DX15D5017,568575912.08,17023,1430550
47QFCA22D0401,567997318.22,39,1430550
N0001987C0131,567969000.00,8,1430550
HHSN271201500007I,567804490.99,1959,1430550
N6893997D0041,567713133.88,447,1430550
DAAJ0985CA002,567710000.00,6,1430550
N0002482C2055,567634000.00,114,1430550
N6134019G0002,567033905.19,52,1430550
DAAJ0985CA006,566752000.00,52,1430550
N0002422G4304,566555363.11,21,1430550
36C10G24D0093,565570720.61,11,1430550
GS35F349CA,565303033.65,533,1430550
NNG15SC20B,565160038.20,5445,1430550
GS10F0579N,564347254.94,72,1430550
H9400304D0006,563738238.37,1003,1430550
W91QUZ06D0018,563213835.67,711,1430550
GS35F0165Y,562984528.10,873,1430550
F3365798D0002,562746275.20,823,1430550
GS35F0739M,562092259.39,844,1430550
SP060008D1017,561695917.62,14,1430550
W91WMC07D0001,561545850.03,1956,1430550
W31P4Q20D0023,561132762.21,90,1430550
GS00Q14OADU120,560387233.12,239,1430550
GS35F088AA,560135662.66,618,1430550
DAAE0786CJ111,559976000.00,11,1430550
47QFCA22D0064,559847176.92,32,1430550
N6133900D0001,559565263.65,1002,1430550
F3365799D2051,559165285.44,378,1430550
SPRPA109G004Y,558922775.64,7085,1430550
GS35F0273L,558899833.76,2066,1430550
W15P7T09DH001,558465093.66,519,1430550
GS00Q14OADU128,557979053.88,153,1430550
GS07F0382K,557515305.84,1672,1430550
FA881125DB003,555549917.00,12,1430550
N0002479C4027,555439000.00,19,1430550
HC101307D2006,555108044.33,15107,1430550
N0001915D0003,554742753.05,776,1430550
HQ000608D0003,553889592.78,475,1430550
F0162095D0001,553333193.28,1630,1430550
HHSM500201300012I,552631316.93,127,1430550
FA854013D0002,552290843.39,579,1430550
36C10X23D0002,551893137.68,30,1430550
DAAE0786CA050,551870000.00,19,1430550
HHSM500200400005I,551701152.67,207,1430550
F4160885DA007,551268000.00,854,1430550
HC102814D0003,551236093.81,141,1430550
N0001416D5003,550918990.01,3083,1430550
GS23F0025L,550873990.69,929,1430550
GS35F4660G,550730297.57,1521,1430550
GS00F010CA,550182385.45,1206,1430550
HS002123D0002,549108743.46,15,1430550
47QTCK18D0044,548930224.79,339,1430550
HSTS0306DCIO500,548766024.98,783,1430550
GS00F354CA,548503243.17,652,1430550
GS00Q14OADS737,548269365.72,201,1430550
80JSC022DA022,547434907.00,57,1430550
GS23F8182H,547087049.29,1739,1430550
FA807518D0008,546640867.70,591,1430550
TIRNO06D00026,546384911.13,977,1430550
SPE3S117DZ112,545523646.77,214,1430550
W15QKN19D0065,545220733.97,50,1430550
HQ014718D0003,544632862.49,240,1430550
W15QKN13D0099,544291203.54,338,1430550
HT001119D0002,544107341.27,282,1430550
GS00Q14OADS133,543620874.13,625,1430550
70FB7020D00000013,543407710.52,8,1430550
N6600119A0010,543271829.71,426,1430550
GS00Q14OADS329,543112771.55,414,1430550
HHSM500200700017I,541764959.22,30,1430550
W15P7T10DD415,541330372.69,743,1430550
SPE2DE21D0053,541202508.00,37,1430550
SPE60223D0468,540915240.62,99,1430550
F1962885C0053,540818000.00,27,1430550
N0025319D0004,540638680.59,529,1430550
M6785422D2090,540487900.00,59,1430550
GS23F0063J,540357473.41,169,1430550
693KA923D00005,540158155.89,194,1430550
GS35F0779J,539518382.20,3500,1430550
FA852716D0050,538949963.11,63,1430550
SPE2DX15D6028,538746237.72,57029,1430550
36C79119D0007,538446967.35,50,1430550
HS002123D0001,538321151.80,15,1430550
N0018918DZ013,538293215.67,513,1430550
HHSN316201200044W,537346232.81,347,1430550
SAQMPD05D1100,537339291.70,122,1430550
NNG07DA16B,537332243.11,2979,1430550
GS00T99ALD0207,537224905.15,396,1430550
N0003080C0080,537217000.00,18,1430550
DAAH0184CA041,537099000.00,31,1430550
SPM30012D3579,536660222.69,6050,1430550
GS35F4097G,535894113.26,1431,1430550
HT940220D0002,535540995.61,53,1430550
NNG07DA23B,535408691.50,1486,1430550
W15P7T10DD414,535199330.73,202,1430550
W31P4Q25D0003,535119893.00,11,1430550
TIRNO11D00027,534802300.24,623,1430550
F3365779C0416,534593000.00,82,1430550
GS35F0344L,533757633.74,322,1430550
36C10X22D0006,533668743.70,19,1430550
N0001912G0006,532759463.47,639,1430550
N0002402D6604,532744828.68,1253,1430550
SPE60222D0480,532569624.73,78,1430550
NNG15SD09B,532044393.91,3437,1430550
47QTCA22D004D,532038655.86,47,1430550
FA873213D0012,531780797.76,2329,1430550
W9124Q05D0821,531361959.96,79,1430550
VA791P0069,531159286.42,138,1430550
HC102819A0001,530431348.92,1226,1430550
N0001922D0004,530345531.94,25,1430550
DTFAWA15D00030,530188792.64,1095,1430550
47QTCA18D0081,529717807.47,2551,1430550
HSCEDM14D00002,529376529.40,123,1430550
HTC71116DW002,529024946.09,60,1430550
GS35F4415G,528536172.20,1819,1430550
89303020DLM000001,528318792.45,248,1430550
F1962882C0003,528082000.00,60,1430550
HHSM500201600016I,527937288.53,26,1430550
DJPPRGSF281SB,527915270.00,32,1430550
HQ014712D0004,527687053.57,760,1430550
FA890317D0039,527570678.31,162,1430550
HT005018D0019,527552586.99,2066,1430550
W52P1J18DA075,527357380.54,282,1430550
V797P99PP0001,526967000.00,10,1430550
W564KV19D0002,526924833.05,178,1430550
SPRPA117GC101,525636357.09,17186,1430550
47QTCH18D0028,525616122.79,373,1430550
VA11916D0004,525211355.21,36,1430550
HHSM500201400034I,524938470.70,315,1430550
FA810618D0002,524873835.96,1264,1430550
W56HZV22DER04,524667941.39,87,1430550
FA861408D2080,524449792.02,425,1430550
GS00P14BSD1055,523771512.90,774,1430550
SPE2DX22D0059,523116635.12,5426,1430550
GS23F0230P,522475838.05,448,1430550
FA877104D0008,522367800.66,1870,1430550
F0470183C0032,521905000.00,175,1430550
W91WAW11D0031,521882996.27,333,1430550
GS35F4987H,521839491.98,1016,1430550
FA872107D0015,521511560.04,1788,1430550
GS00Q09BGD0034,521025914.04,387,1430550
1202SC24T2500,520750993.78,180,1430550
SPM20005D2206,520631250.90,21382,1430550
DAAB0785CE032,520511000.00,22,1430550
N0042114D0025,520290759.16,70,1430550
F0162091D0003,519693068.00,2160,1430550
VA11816D1019,519460451.91,190,1430550
W91CRB24D0002,519324627.72,12,1430550
GS23F0279K,518856140.33,165,1430550
AIDGHNI000900013,518681831.07,38,1430550
SPE2DX22D0030,518585120.30,8375,1430550
SPE60220D0489,518251364.58,951,1430550
HHSN316201200160W,518135703.96,282,1430550
DCA20002D5000,518042286.07,726,1430550
GS24F0066M,517992163.56,10037,1430550
GS35F4321D,517709016.44,5689,1430550
W15P7T19D0174,517430024.58,118,1430550
N6600119D0019,517303386.32,320,1430550
N6523618D8014,517071938.25,645,1430550
GS35F4565G,517064058.78,6921,1430550
HSBP1013D00021,516706595.60,68,1430550
N0001922G0006,516528299.96,104,1430550
GS23F9814H,516374173.77,843,1430550
W91QUZ07D0006,516044375.93,8108,1430550
VA11811D1004,514945682.36,342,1430550
HHSO100201200004I,514464116.86,53,1430550
V797D30203,514049597.20,1263,1430550
GS23F0064K,513749149.87,384,1430550
70B01C23D00000012,513711319.37,23,1430550
W31P4Q20D0032,513664627.69,290,1430550
GS25F0037S,512843658.34,108,1430550
SPE3S117DZ113,512829592.13,153,1430550
75N95018D00012,512617456.82,1095,1430550
70B01C26D00000004,512334000.00,1,1430550
M6700419D0001,512096438.68,396,1430550
HT005018D0032,511861831.48,2866,1430550
W15QKN23D0009,510569729.70,26,1430550
47QFCA22D0344,510477654.00,26,1430550
DAAH0187C0607,509537000.00,10,1430550
GS10F0047J,509521746.79,108,1430550
GS35F0371N,509369972.47,657,1430550
GS35F4315D,508282695.08,2521,1430550
SPE60225D0471,507891179.09,626,1430550
TMG5023,507853000.00,218,1430550
GS35F4775G,507147957.74,1514,1430550
GS10F0226K,507071063.70,1726,1430550
GS07T00BGD0028,506851562.33,785,1430550
FA807518D0014,506841869.66,460,1430550
N0002484C7004,506305000.00,16,1430550
N6247017D4012,505810859.83,360,1430550
GS10F0133S,505749517.68,419,1430550
N0038323DSU01,504255583.57,18,1430550
SPE60518D9512,503878661.21,79,1430550
GS00Q14OADU119,503715818.04,526,1430550
HTC71119DW014,503713181.40,64,1430550
FA830717D0017,503657445.43,245,1430550
47QMCA23D000A,503479619.73,6547,1430550
NNG15SD80B,503138909.58,1709,1430550
GS07F5934R,501998355.07,12902,1430550
GS23F9734H,501959466.13,4857,1430550
692M1519D00007,501926922.50,1066,1430550
75N99019D00016,501544105.82,138,1430550
36W79723D0001,501045370.80,395,1430550
HT005018D0029,499883740.30,3030,1430550
SPM20005D3103,499834978.29,13804,1430550
N0017805D4231,499177226.02,727,1430550
W91QUZ06D0004,498846340.70,7322,1430550
N0014095DF021,498114654.39,836,1430550
DTFACT17D00007,498091304.49,972,1430550
GS07F0210J,497995427.30,589,1430550
70RDA225D00000005,497901214.99,23,1430550
47QMCA20D0007,497829626.86,10147,1430550
FA810517D0002,497661188.58,1330,1430550
FA823222D0004,496558010.27,332,1430550
GS00Q14OADS609,496522118.93,309,1430550
GS07F0279M,496466212.03,763,1430550
N0001985C0109,496157000.00,32,1430550
36C10X22D0008,496131180.05,19,1430550
263010046,495556104.74,585,1430550
GS29F0177G,495485779.16,10579,1430550
N0002483C6126,495465000.00,5,1430550
DTFA0196C03008,494970121.77,757,1430550
47QTCA21A0003,494532352.95,220,1430550
2031JG21D00020,494271554.40,34,1430550
GS00T99NSC0003,494065000.00,1,1430550
FA862506D6453,493833811.60,334,1430550
FA807514D0020,493668302.87,640,1430550
N6945021D0060,493508363.48,43,1430550
HC104705D4000,493382874.16,1125,1430550
F3365786C2000,493070000.00,17,1430550
N0001914G0004,492815022.90,528,1430550
47QMCA20D004B,492808060.72,10930,1430550
DCA20091D0027,492612860.00,1323,1430550
N0003987C0330,492421000.00,65,1430550
FA805120D0004,491824899.74,34,1430550
DAAH0182CA132,491562000.00,15,1430550
N6893619D0007,491251780.71,840,1430550
SPE4AX20DR001,491182001.79,2694,1430550
NNG15SC70B,490600053.47,2650,1430550
FA854020D0001,490222900.47,168,1430550
HC102815D0007,490149678.96,202,1430550
F0470485C0064,490076000.00,62,1430550
47QFCA22D0383,489513376.94,42,1430550
SPE8EJ21D1026,489329275.93,175,1430550
V797P99PPV001,489233997.16,57,1430550
N0017805D4364,488971496.28,314,1430550
M6785407D5031,488957280.48,549,1430550
TMK0202,488609618.46,138,1430550
NNG15SC91B,488425558.13,753,1430550
GS35F0926R,488314201.42,414,1430550
F1963086D0002,487778000.00,4480,1430550
GS35F5086H,487227078.00,6317,1430550
W58RGZ06G0003,487072491.24,7134,1430550
F3365795D2026,487068380.00,197,1430550
N0002485C2036,487062000.00,54,1430550
GS35F5014H,486634469.28,3527,1430550
FA850416D0001,486601885.48,516,1430550
SPE4AX20D9445,486315525.93,29,1430550
W52P1J19D0047,486029768.94,115,1430550
HHSM500201600011B,485805066.88,162,1430550
W52P1J11D0013,484600681.08,125,1430550
V797P4530A,484530184.24,2691,1430550
N0001985C0004,484484000.00,30,1430550
N0001983C0008,484299000.00,69,1430550
GS06F0617Z,483848024.35,504,1430550
HSHQDC12D00015,483331980.08,1862,1430550
DAAA0986Z0003,482648000.00,97,1430550
FA810616D0004,482534244.83,1194,1430550
GS00T99ALD0209,481994627.11,366,1430550
N0002484C2064,481755000.00,144,1430550
19AQMM21D0011,481669267.62,80,1430550
F1162683C0064,481297000.00,8,1430550
F0863702D6999,480983341.00,669,1430550
W91CRB15D0018,480084375.88,203,1430550
19AQMM18D0080,479967764.17,116,1430550
91003123D0003,479932737.04,90,1430550
W56HZV18D0084,479710419.67,46,1430550
N0003915D0008,479690093.81,349,1430550
70RTAC24A00000001,479391147.07,208,1430550
47QFCA22D0357,479288489.59,72,1430550
FA873213D0017,479282981.90,1765,1430550
FA865621DA014,479049916.09,47,1430550
91003123D0004,479009858.42,101,1430550
F3460185G0050,478657000.00,310,1430550
500010050,478310035.60,58,1430550
SPRPA113G001X,477368932.36,10852,1430550
NNG07DA22B,477276376.72,7178,1430550
80ARC018D0010,477263345.52,400,1430550
N0002498D5202,477076022.59,1943,1430550
SPE2DX15D2205,476944482.31,52614,1430550
70CDCR20D00000008,476182025.99,128,1430550
DEEM0001131,475500242.52,162,1430550
W91QUZ06A0002,475114069.02,1106,1430550
FA861624DB001,474974290.43,101,1430550
W52P1J12G0061,474628229.88,226,1430550
N0018921DZ024,474118486.38,307,1430550
GS00T99NRD2002,474103919.57,5869,1430550
N0017804D4077,474050906.72,1573,1430550
FA872318D0003,473781798.80,234,1430550
W31P4Q22D0022,473585664.74,128,1430550
F1963088D0005,473571077.00,3048,1430550
W15P7T06DE407,473421335.34,507,1430550
FA821421D0003,473252655.63,41,1430550
F3365799D2050,473014060.78,484,1430550
N0001982C0025,472958000.00,112,1430550
SPE4A515D0018,472433371.34,205765,1430550
W15P7T04DA003,472315124.98,81,1430550
GS00F243CA,472283731.27,356,1430550
GS11T08BJD6001,472098656.57,765,1430550
47QTCK18D0053,472038128.80,179,1430550
HHSM500201600080I,471950879.16,61,1430550
W91QUZ07D0008,471566214.93,2716,1430550
HHSN316201200013W,469944402.15,535,1430550
FA812119D0005,469796059.76,724,1430550
SP060007D0483,469753714.56,3,1430550
HC102818D0041,469718043.75,48,1430550
NNG10AZ10B,469515560.31,157,1430550
36C10A20D0004,469434323.44,294,1430550
DTFAWA10D00003,468532041.32,546,1430550
FA810714D0002,468400198.40,656,1430550
GS00K94ALD0001,468400111.00,16068,1430550
W912EK22D0004,468133133.50,50,1430550
F3365783C0043,467614000.00,52,1430550
N0001985C0477,467517000.00,9,1430550
FA868217D0002,467357317.97,585,1430550
N0001923G0002,467018140.06,106,1430550
15M40018DA3500001,466823713.46,87,1430550
FA862018D3014,466527097.57,261,1430550
W91QUZ06D0013,466485020.70,446,1430550
SPE4AX12D9400,466324728.50,2906,1430550
SPE60221D0481,466182225.11,37,1430550
SAQMPD05C1103,465794889.36,458,1430550
W52P1J16D0013,465599784.10,2217,1430550
FA805517A1101,465593696.21,3633,1430550
N0002416D4407,465538026.16,434,1430550
FA460021D0001,465271385.74,877,1430550
SP070098D4000,465095304.83,466,1430550
OPM020700025,464760020.42,3616,1430550
GS00Q14OADU516,463816375.52,200,1430550
HHSM500201600015I,463802649.95,22,1430550
HTC71109D5004,463736338.07,719,1430550
N0003925D2002,463205158.00,11,1430550
FA821116D0001,462952216.40,190,1430550
W56HZV10G0003,462660379.39,128,1430550
SPE30022DA000,462606077.94,25064,1430550
HSHQDC11A00040,462547084.69,446,1430550
DLA60070D1050,462440000.00,8,1430550
GS00F0003W,461955638.79,782,1430550
F3365785C0086,461817000.00,8,1430550
N0002412D6404,461803072.21,1635,1430550
NNG15SD41B,461591425.85,1499,1430550
47QTCA22A0004,461259221.35,125,1430550
AIDOAAI1400006,460656215.44,118,1430550
FA489018D0002,460487723.90,222,1430550
NNA10DF16B,460410428.65,376,1430550
GS35F4649G,460095228.66,490,1430550
DAAJ0987CA009,460087000.00,25,1430550
HC102817A0001,459954192.11,463,1430550
W15QKN1891008,459875837.60,30,1430550
SPE60223D0471,459716408.29,814,1430550
N0001996D0159,459716188.00,966,1430550
N0002483D7038,459243000.00,320,1430550
DLA60082D0453,459241000.00,4,1430550
N6893997D0040,459163950.41,676,1430550
DAHC2681C0013,458876000.00,331,1430550
19AQMM18D0086,458862483.37,109,1430550
FA850919D0001,458788668.01,127,1430550
AIDOAAI1500040,458196097.57,157,1430550
FA807518D0009,457796522.99,705,1430550
F3365780C0333,457732000.00,37,1430550
HHSN316201500034W,457547477.34,2509,1430550
F0162094D0002,457133047.00,720,1430550
SPE2DE21D0049,456853646.40,514,1430550
N0002419D4310,456133240.13,451,1430550
SPE60221D0491,455876546.50,232,1430550
N0001916D1002,455469247.30,76,1430550
N0017805D4663,455299121.74,1042,1430550
70RTAC21A00000001,454869623.83,359,1430550
W31P4Q07A0015,454723144.70,527,1430550
HHSM500201600083I,454664072.80,62,1430550
FA850422D0001,454570519.59,106,1430550
GS35F0001L,454197462.91,999,1430550
70RTAC21D00000001,453868401.67,969,1430550
GS23F0058K,453438189.31,2108,1430550
GS00Q14OADU143,453253996.26,432,1430550
GS35F518GA,453238330.34,223,1430550
36C10X22D0005,453022420.25,18,1430550
SPM20005D0934,452960741.02,13070,1430550
FA810817D0012,452815078.86,171,1430550
W56HZV19D0046,452578298.15,472,1430550
GS35F0889N,452541136.28,2064,1430550
HSHQDC15D00015,452490189.40,1201,1430550
SPE4A115G0006,452075455.44,3199,1430550
N6274217D3600,452014429.00,918,1430550
36C79121D0007,451806544.34,47,1430550
HQ085622D0002,451515139.63,133,1430550
FA862006G4041,450977061.86,149,1430550
1332KP21DNEEB0011,450632618.73,189,1430550
HHSN316201200167W,450542991.93,97,1430550
N6927200D3170,450238133.43,872,1430550
SPM20005D1022,450170851.32,14146,1430550
NNG15SC74B,450105407.32,616,1430550
HHSM500201300011I,450054964.77,88,1430550
GS35F4483G,449613132.03,2063,1430550
N0017805D4395,449553917.73,703,1430550
AID650I000600010,449350986.05,93,1430550
GS23F0030U,448824480.98,109,1430550
DACA9381C0010,448609000.00,17,1430550
HHSN316201600006W,448474951.19,98,1430550
FA862113D6318,447774617.53,334,1430550
GS23F0005K,447036440.55,1057,1430550
W31P4Q05A0024,446873253.61,1192,1430550
GS35F5497H,446709320.91,351,1430550
SPM4AX12D9401,446683057.66,103,1430550
SOPRAQ98C0051,446536389.81,273,1430550
GS06F0656Z,445272338.91,414,1430550
DLA60082D0575,444502000.00,2,1430550
W9126G19D0021,444500040.99,38,1430550
M6785420G0032,444442395.69,167,1430550
W900KK19D0004,444400616.55,224,1430550
GS23F0158L,444347976.19,175,1430550
GS10F0097L,444341134.25,1187,1430550
SPM8EJ14D0004,444306211.02,1989,1430550
36C10X22D0009,444132326.77,20,1430550
FA890306D8513,443792181.75,228,1430550
HTC71119DW025,443513773.23,60,1430550
GS23F0286K,443494127.99,340,1430550
FA701419DA005,443406918.70,211,1430550
GS35F4317D,443002515.27,5358,1430550
SPE4AX20D9001,442637824.72,15,1430550
SPM20005D2205,442459953.38,19639,1430550
36C79121D0006,442241242.70,48,1430550
W15QKN23D0029,441445899.56,582,1430550
N0038317GA301,440822118.12,1966,1430550
HSFE6015D0003,440418073.28,506,1430550
HSFE6015D0005,440250841.99,585,1430550
N0017804D4127,440152965.76,1961,1430550
HSHQDC16D00009,440118361.98,264,1430550
FA890317D0040,440035355.93,142,1430550
N6247321D1215,440007133.71,108,1430550
GS00Q14OADU138,439851622.19,531,1430550
V797P1060,439634194.33,75321,1430550
SPRPA115G001Y,439411843.19,17581,1430550
GS00Q12NRD4006,439370558.88,203,1430550
GS23F0122J,438803463.46,830,1430550
H9222217D0021,438726252.48,210,1430550
2031JG19D00020,438337579.38,97,1430550
HHSN316201200028W,438219641.10,420,1430550
W15QKN24D0052,438110644.10,3,1430550
GS00Q14OADU422,437979466.07,66,1430550
FXXXXX90GXXXX,437737000.00,281,1430550
NNG15SC89B,437690253.55,3787,1430550
GS00F263CA,437434029.74,129,1430550
FA805120D0002,437120345.19,115,1430550
GS35F0553P,437085284.64,4964,1430550
W56HZV24D0031,437032578.00,18,1430550
AIDDOTI000300004,436913394.97,74,1430550
GS10F0466N,436864929.27,1375,1430550
HHSF223200850014I,436776323.46,54,1430550
W56HZV21D0017,436623952.59,145,1430550
FA877104D0006,436134601.27,1074,1430550
HSHQDC09A00032,435926159.06,1371,1430550
DAMT0103D0124,435400423.00,27,1430550
N4425595D6130,435386397.24,2098,1430550
DJJ07C1521,435340621.56,2238,1430550
AIDDOTI000800033,435085091.52,104,1430550
VA11916D0006,434963460.02,377,1430550
SPM30011D3468,434829120.35,663,1430550
FA857522D0001,434491116.13,16,1430550
TIRNO11D00041,434418406.32,357,1430550
W15P7T12DE005,434174870.96,335,1430550
H9400304D0004,433561246.38,862,1430550
SPE60221D0457,433465043.74,61,1430550
DCA20097D0048,433188016.82,644,1430550
FA872318D0001,432827083.76,410,1430550
N0003911D0033,432494876.55,2591,1430550
N0038306G006F,432348277.67,4899,1430550
HQ085224D0003,432331608.47,88,1430550
N0018918DZ014,432180227.34,256,1430550
SPE60221D0475,432147637.18,76,1430550
GS35F0009U,432084369.50,1808,1430550
NNG15SD91B,432010344.46,1654,1430550
FA881819D0002,431839467.40,161,1430550
GS00Q14OADU322,431792975.96,458,1430550
N0001906D0017,431739503.85,719,1430550
FA862111D6261,431668629.86,156,1430550
W91QVN18D0008,431630114.64,609,1430550
GS07F0352K,431276936.75,858,1430550
SPE60224D0477,430647784.35,199,1430550
SPM20005D1205,430102610.81,19415,1430550
N6247321D1211,430068864.25,147,1430550
SPM30011D3502,429886606.95,3844,1430550
F0460698D0002,429828377.06,485,1430550
70RTAC19A00000009,429639783.56,319,1430550
W56KGY17D0006,429312546.01,237,1430550
GS00F0004T,429309523.73,489,1430550
FA489020D0002,429004087.16,109,1430550
W58RGZ20D0005,428954674.37,169,1430550
TIRNO11D00023,428867247.73,474,1430550
N0017804D4083,428752866.85,3404,1430550
FA862115D6263,428723018.31,73,1430550
GS30FGA005,428600262.18,10477,1430550
N0001982C0501,428439000.00,34,1430550
W15QKN18D0083,428337644.99,38,1430550
W15QKN13D0028,428278191.07,3296,1430550
VA11916D0002,428053670.09,29,1430550
N0017804D4027,427615195.67,1591,1430550
2031JG20D00007,427202817.60,141,1430550
GS00Q14OADU304,427137595.94,114,1430550
SPE60220D0461,426986686.32,507,1430550
SPM74001D9711,426603338.80,15210,1430550
N0001913D0007,426425821.71,585,1430550
W91QUZ06D0019,426313887.92,648,1430550
HSFE8013D0070,426152187.95,318,1430550
GS10F0328N,426074782.00,246,1430550
N0060409D0001,425802378.48,2627,1430550
HSHQDC06D00023,425685763.99,177,1430550
W52P1J09D0027,425512645.18,355,1430550
GS00F031DA,425238767.04,758,1430550
W911W408D0002,424757495.18,35,1430550
15JPSS20D00000453,424484065.81,138,1430550
HSFEHQ12D0879,424304076.04,481,1430550
FA810817D0003,424220258.70,461,1430550
FA810709D0001,424200911.24,572,1430550
HSFEHQ05D0572,424018113.34,62,1430550
FA873021D0001,423960977.73,299,1430550
FA820317D1226,423853295.98,29,1430550
FA821311D0007,423851993.00,62,1430550
W52P1J16D0055,423703333.94,55,1430550
SPE60218D0482,423085095.46,111,1430550
FA821421D0002,423030787.87,226,1430550
W15P7T23D0003,422123261.05,444,1430550
HTC71111DC001,422109496.26,551,1430550
W52P1J19D0074,421872251.39,102,1430550
W912DY20D0032,421353285.11,333,1430550
N0002485C5301,421310000.00,23,1430550
15M20018DA3200009,421254158.95,847,1430550
N652361890001,421087734.29,671,1430550
SPE60221D0474,420889680.21,76,1430550
GS00T07NSD0041,420852194.32,33700,1430550
SPE3S122DZ147,420849191.99,47,1430550
F0470483C0023,420800000.00,28,1430550
47QFLA19D0006,420502004.69,765,1430550
SP060012D1005,420464809.51,3,1430550
W911QY18D0210,420065310.38,120,1430550
SAQMPD06C1072,419479390.27,3821,1430550
GS35F0073U,419401786.02,298,1430550
FA872622A0001,419203055.20,74,1430550
36C10G24D0048,419157789.50,90,1430550
GS35F5403H,419135121.00,446,1430550
HTC71113DCC02,419014752.59,664,1430550
N0001905G0008,418852841.72,509,1430550
W91CRB22D0008,418776892.27,21,1430550
GS30FHA005,418641389.00,9291,1430550
HTC71107D0032,418522937.86,54,1430550
47QRAD20D8141,418047279.06,477,1430550
VA797N15C0003,417942183.62,306,1430550
DACA9380C0007,417898000.00,26,1430550
SPE4AX18D9444,417334113.07,7629,1430550
SPE2D117D0022,416548360.99,1740,1430550
GS35F4674H,416154548.71,1545,1430550
SPE3S117DZ114,416066428.95,98,1430550
FA527017D0007,415830066.95,526,1430550
GS30FDA004,415710280.91,9582,1430550
GS35F4389G,415347288.92,5276,1430550
W15P7T10DD416,415172777.74,432,1430550
NNG15SC51B,415030240.29,642,1430550
GS00Q09BGD0005,414974216.71,290,1430550
F0960301D0207,414799984.68,1043,1430550
N0017804D4067,414599436.81,1194,1430550
W9113M17D0007,414546024.59,236,1430550
FA877110A0601,414454387.31,2864,1430550
W912DY15D0034,414268977.55,363,1430550
W91CRB14D0011,414242309.00,133,1430550
N0003284C4485,414131000.00,36,1430550
HT940215D0001,414063007.42,112,1430550
N0002483C6254,413883000.00,37,1430550
F1963080D0001,413565548.00,1524,1430550
FA920012D0085,413551907.80,2629,1430550
GS23F7107H,413454253.01,876,1430550
GS30FBA008,413395413.04,9960,1430550
HSCG2306DARB001,413201979.94,351,1430550
SPE60222D0489,412795645.64,153,1430550
GS00Q14OADS315,412637107.70,660,1430550
GS00F057CA,412560140.72,360,1430550
HSFEHQ05D0573,411704995.46,210,1430550
NNG15SC90B,411549293.22,1878,1430550
HC102808D2025,411482508.63,748,1430550
19AQMM21D0008,411471826.93,62,1430550
N0024418D0001,411440954.41,7359,1430550
AIDOAAI1500002,411154290.00,50,1430550
GS35F1125D,411150447.43,1841,1430550
36C10X22D0011,411052589.69,19,1430550
HT005018D0035,410966261.81,1604,1430550
N0001984C0379,410635000.00,19,1430550
W31P4Q16A0003,410417935.18,520,1430550
GS00Q12NSD0002,410097815.46,770,1430550
N0038312G001M,410071838.30,2408,1430550
W15P7T06DL216,410060451.67,463,1430550
W15P7T15D0016,409999221.97,111,1430550
DASG6002D0009,409367561.42,1223,1430550
N0001981C0497,409266000.00,22,1430550
NNG15SC83B,409197481.04,1195,1430550
N0017804D4065,408965663.46,1412,1430550
SPE8EJ21D1023,408899395.17,185,1430550
80HQTR19D0005,408503920.40,56,1430550
FA850517D0005,408371319.94,45,1430550
SP060002D0485,408355114.00,1,1430550
GS00Q14OADS103,408078528.08,387,1430550
N6600115A0001,407843943.78,1148,1430550
HSTS0307ACIO925,407794314.80,720,1430550
NNG07DA44B,407787094.99,1463,1430550
F3460181G0002,407676000.00,236,1430550
N6247021D0007,407622671.18,604,1430550
HSFEHQ04D0025,407570252.49,361,1430550
V797P5630N,407479000.00,182,1430550
N0002421D4114,407295966.62,463,1430550
TIR950048,406980000.00,565,1430550
HSODT5C0003,406796971.48,140,1430550
140D0424D0001,406608524.40,46,1430550
47QRAA20D0022,406369182.65,663,1430550
SPM2DX10D0028,406366211.14,13086,1430550
W31P4Q05A0020,406246992.59,1199,1430550
DAAA0985G0029,406211000.00,95,1430550
FA860415D7977,406086990.87,525,1430550
DLA60086D0472,406065000.00,2,1430550
N0001921G0005,405903883.14,123,1430550
SPE60221D0487,405743400.11,141,1430550
F3365782C2168,405716000.00,321,1430550
SPM20005D3301,405181500.52,18929,1430550
F3360090D0324,405013965.00,405,1430550
N0017819D7741,405008497.46,273,1430550
TIRNO00D00014,404968396.25,782,1430550
F3365701D2077,404762976.28,455,1430550
GS06F0651Z,404594806.72,515,1430550
70T04018D9CAP1035,404502650.35,32,1430550
FA862115D6257,404494356.95,296,1430550
DTOS5909D00467,404275537.96,1193,1430550
N000257900000,404229000.00,11,1430550
W912HY25D0030,404212213.49,4,1430550
GS35F0478U,403893401.47,331,1430550
N0002480D7158,403892000.00,579,1430550
19AQMM19D0125,403808715.31,73,1430550
N0003911D0032,403668622.12,1921,1430550
15JPSS20D00000035,403668553.22,3349,1430550
697DCK22D00001,403608077.33,1134,1430550
19AQMM23A0218,403527846.81,381,1430550
W52P1J18DA032,403287361.25,272,1430550
W900KK23D0001,403097825.05,19,1430550
FA300220D0015,403004719.20,104,1430550
N0002481C2075,402747000.00,150,1430550
12024B18D9025,401967298.97,867,1430550
GS07F8942D,401822804.69,893,1430550
GS00Q14OADS110,401719102.77,556,1430550
N0002482C2185,401716000.00,42,1430550
W15QKN229P001,401161940.11,32,1430550
FA867219D0001,400237699.01,296,1430550
DAAE0781C5597,399701000.00,150,1430550
SPE2DX22D0029,399601686.36,25586,1430550
NNG15SD38B,399544552.56,4014,1430550
2031JG23D00002,399369857.23,110,1430550
TEP030001,399355556.00,146,1430550
HC102816D0007,399313144.20,215,1430550
DTSA2003D00754,398952718.47,349,1430550
TIRNO13D00001,398769543.88,535,1430550
SP060002D0491,398755137.00,1,1430550
GS00Q14OADS131,398729663.16,451,1430550
N0001915D0019,398675813.48,37,1430550
GS00Q09BGD0011,398659782.88,95,1430550
GS06F0334Z,398638992.62,527,1430550
GS35F3109D,398601709.62,639,1430550
TIRNO11D00007,398472307.75,491,1430550
N6246700D2451,398367678.82,873,1430550
GS30FX0083,397708096.90,10555,1430550
DAAB0798DH502,397536300.26,703,1430550
GS10F0234M,397400647.70,1730,1430550
N6134016D1005,397185770.51,287,1430550
N6817121D0028,397090868.15,8190,1430550
SPE2DB20D1100,396390297.47,59925,1430550
HTC71109D5005,396339746.62,684,1430550
F3370078C0003,395888000.00,83,1430550
HSFEHQ12D0882,395643389.37,467,1430550
GS35F0249J,395400835.29,3087,1430550
26301D0050,395112899.68,278,1430550
F3365786C0123,395102000.00,4,1430550
W56HZV20D0066,394959892.23,190,1430550
HDTRA114D0008,394861844.59,394,1430550
DCA10094D0014,394599040.00,460,1430550
N0001922D0018,394123786.84,5,1430550
GS35F598GA,393968130.24,119,1430550
F3365781C0212,393930000.00,122,1430550
W15P7T08DD248,393405985.99,346,1430550
70RSAT18D00000001,393368075.39,149,1430550
N0002483C2012,393348000.00,69,1430550
W52P1J13G0027,393086329.45,160,1430550
GS30FW0001,393073619.29,10960,1430550
N0017819D8773,392997018.45,700,1430550
F3365778C0645,392814000.00,208,1430550
N0002474C5009,392782000.00,10,1430550
W900KK20D0007,392214032.74,303,1430550
GS00Q14OADU402,392149521.99,600,1430550
NNG15SD81B,392084198.61,1051,1430550
N6817121D6003,392067701.93,1306,1430550
N0018918DQ001,391834728.98,482,1430550
F0560495D9001,391441449.00,629,1430550
SAQMMA17A0120,391366856.40,694,1430550
GS35F0340W,391351145.77,401,1430550
FA564120D0009,391178541.01,160,1430550
HHSN316201200051W,391154308.61,186,1430550
HTC71125DCC15,391146860.80,392,1430550
HC108422D0001,390825318.60,121,1430550
W58RGZ19D0110,390650870.22,152,1430550
F0960301D0209,390611682.21,676,1430550
N0002483C2033,390449000.00,315,1430550
N0001985C0066,390444000.00,51,1430550
N0001917D0096,390302730.74,118,1430550
F1162690D0009,390267000.00,894,1430550
SP060003D0492,389947257.00,1,1430550
N4425505D5103,389773090.06,2649,1430550
GS11B80671,389311014.62,114,1430550
GS35F080CA,389225045.17,365,1430550
SPE60224D0457,388788299.49,54,1430550
SPE2DX15D3301,388726413.84,49311,1430550
FA701420D0007,388341553.13,282,1430550
W15P7T13D0018,388288586.71,321,1430550
F0960403D0007,388248439.34,635,1430550
DCA20099D0050,387959011.59,3905,1430550
FA872621D0006,387772226.00,31,1430550
DJJ13C2442,387691182.83,1432,1430550
HSSS0112D0002,387556691.95,913,1430550
70RFP218DEC000018,387434208.80,210,1430550
SPE60222D0488,387192509.91,59,1430550
N0010408AZF43,387099192.17,303,1430550
DEEE0008027,387093436.91,90,1430550
SPM50002D0121,387037618.45,16994,1430550
GS00Q14OADS144,387021471.24,565,1430550
N0001917D0095,386939362.20,132,1430550
HSBP1016D00011,386827966.15,41,1430550
HQ072716D0002,386697238.96,272,1430550
GS11B00112,386541151.00,82,1430550
FA868222DB001,386487534.20,248,1430550
N0017804D4102,386483994.98,338,1430550
36C10X23D0001,386447030.56,30,1430550
FA854015D0001,386095253.67,222,1430550
FA873521D0001,385806422.45,173,1430550
SPE60017D0482,385489473.15,75,1430550
DCA20001D5004,385309766.06,466,1430550
W9128F20D0003,384986567.08,65,1430550
FA810405G0003,384642664.47,962,1430550
W52P1J18DA023,384557947.34,285,1430550
47QTCA24D0013,384510020.56,10,1430550
FA863017D5030,384068816.43,65,1430550
FA711511D9002,383529952.84,310,1430550
N6247820D4003,383523455.01,56,1430550
SPRRA225D0009,383499742.55,3,1430550
SP060001D0484,383365592.00,3,1430550
75A50120D00017,383311569.47,57,1430550
F1962882C0114,383069000.00,111,1430550
DJJ10C1978,382964599.90,232,1430550
N0024418D0003,382919610.19,6583,1430550
GS00P96BSD0022,382736791.57,1080,1430550
FA820219D0004,381900009.22,54,1430550
HSHQDC07D00025,381794813.62,2848,1430550
GS35F4366G,381734929.46,1331,1430550
TMK0203,381674412.78,135,1430550
W58RGZ12G0001,381478774.14,5162,1430550
GS07T00BGD0058,381445928.62,827,1430550
70RDAD21A00000010,381250324.00,235,1430550
HHSN316201500040W,381228438.47,2298,1430550
HT940214D0003,380677814.88,78,1430550
W912HN21D3000,380393861.26,94,1430550
F1962880C0002,380377000.00,27,1430550
GS35F5518H,380330297.14,1059,1430550
EDFSA12D0005,379958505.46,155,1430550
SPE60222D0455,379795324.60,37,1430550
F4260001D0020,379642012.74,2619,1430550
SPM30008D3197,379346466.00,8022,1430550
W56KGY22D0004,379050218.75,57,1430550
FA251704D0001,378859249.01,2540,1430550
DJB1PC016,378687205.22,69,1430550
DASG6084C0068,378471000.00,27,1430550
GS23F0265L,378460460.07,72,1430550
